"Hugo_Symbol"	"Frame_Shift_Del"	"Frame_Shift_Ins"	"In_Frame_Del"	"In_Frame_Ins"	"Missense_Mutation"	"Nonsense_Mutation"	"Nonstop_Mutation"	"Splice_Site"	"Translation_Start_Site"	"total"	"MutatedSamples"	"AlteredSamples"
"TTN"	0	0	0	0	9	1	0	0	0	10	8	8
"PIK3CA"	0	0	0	0	9	0	0	0	0	9	6	6
"TP53"	1	0	0	0	3	2	0	0	0	6	6	6
"MUC16"	0	0	0	0	6	0	0	0	0	6	5	5
"GATA3"	0	4	0	0	1	0	0	0	0	5	5	5
"GRM3"	0	0	0	0	4	1	0	0	0	5	5	5
"ASPM"	1	0	0	0	2	1	0	0	0	4	4	4
"CDH1"	0	1	0	0	1	1	0	1	0	4	4	4
"HUWE1"	0	0	0	0	4	0	0	0	0	4	4	4
"PLCE1"	1	0	0	0	3	0	0	0	0	4	4	4
"ZFHX4"	0	0	0	0	4	0	0	0	0	4	4	4
"MAP3K1"	1	1	1	0	2	1	0	0	0	6	3	3
"ABCA8"	0	0	0	0	4	0	0	0	0	4	3	3
"ADGRV1"	0	0	0	0	3	1	0	0	0	4	3	3
"ARID1A"	0	0	0	0	2	2	0	0	0	4	3	3
"ATG2A"	0	0	0	0	4	0	0	0	0	4	3	3
"AHNAK"	0	0	0	0	3	0	0	0	0	3	3	3
"AKAP9"	1	0	0	0	1	1	0	0	0	3	3	3
"ALPK3"	0	0	0	0	3	0	0	0	0	3	3	3
"ARHGAP31"	0	0	0	0	3	0	0	0	0	3	3	3
"BBX"	0	0	0	0	3	0	0	0	0	3	3	3
"BEST3"	0	0	0	0	2	1	0	0	0	3	3	3
"BRCA1"	0	0	0	0	1	1	0	1	0	3	3	3
"CECR2"	0	0	0	0	3	0	0	0	0	3	3	3
"COL4A3"	0	0	0	0	3	0	0	0	0	3	3	3
"DMD"	0	0	0	0	2	1	0	0	0	3	3	3
"DYNC2H1"	0	0	0	0	3	0	0	0	0	3	3	3
"FAM135B"	0	0	0	0	2	0	0	1	0	3	3	3
"HMCN1"	0	0	0	0	2	1	0	0	0	3	3	3
"KCNQ2"	0	0	0	0	3	0	0	0	0	3	3	3
"KDM5B"	0	0	0	0	3	0	0	0	0	3	3	3
"LPP"	0	0	0	0	3	0	0	0	0	3	3	3
"LRP2"	0	0	0	0	2	0	0	1	0	3	3	3
"MUC17"	0	0	0	0	3	0	0	0	0	3	3	3
"NOS3"	0	0	0	0	3	0	0	0	0	3	3	3
"OGDH"	0	0	0	0	3	0	0	0	0	3	3	3
"PLG"	0	0	0	0	2	1	0	0	0	3	3	3
"PTCHD1"	0	0	0	0	3	0	0	0	0	3	3	3
"RICTOR"	0	0	0	0	2	1	0	0	0	3	3	3
"RP1"	0	0	1	0	2	0	0	0	0	3	3	3
"RYR2"	0	0	0	0	3	0	0	0	0	3	3	3
"SSPO"	0	0	0	0	2	0	0	1	0	3	3	3
"USP9X"	0	0	0	0	3	0	0	0	0	3	3	3
"XPC"	0	0	0	0	3	0	0	0	0	3	3	3
"ZSCAN1"	0	0	0	0	3	0	0	0	0	3	3	3
"APOBR"	0	0	0	0	4	0	0	0	0	4	2	2
"SPTA1"	0	0	0	0	4	0	0	0	0	4	2	2
"SYNE2"	0	0	0	0	3	1	0	0	0	4	2	2
"UNC13C"	0	0	0	0	2	2	0	0	0	4	2	2
"ANKRD36"	0	1	0	1	1	0	0	0	0	3	2	2
"CENPF"	0	0	0	0	3	0	0	0	0	3	2	2
"CMYA5"	0	0	0	0	3	0	0	0	0	3	2	2
"MAGI3"	0	0	0	0	3	0	0	0	0	3	2	2
"MRC1"	0	0	0	0	3	0	0	0	0	3	2	2
"MYO15A"	1	0	0	0	1	1	0	0	0	3	2	2
"NELL1"	0	0	0	0	2	0	0	1	0	3	2	2
"NRK"	0	0	0	0	3	0	0	0	0	3	2	2
"PI4KA"	0	1	0	0	2	0	0	0	0	3	2	2
"PPP1R10"	0	1	0	0	1	1	0	0	0	3	2	2
"PRKDC"	0	0	0	0	3	0	0	0	0	3	2	2
"SPEN"	1	0	0	0	1	1	0	0	0	3	2	2
"TBX3"	2	1	0	0	0	0	0	0	0	3	2	2
"THSD7A"	0	0	0	0	3	0	0	0	0	3	2	2
"URGCP"	0	0	0	0	2	1	0	0	0	3	2	2
"ZEB2"	0	0	0	0	3	0	0	0	0	3	2	2
"ADAD1"	0	0	0	0	2	0	0	0	0	2	2	2
"ADAMTS16"	0	0	0	0	2	0	0	0	0	2	2	2
"ADCY8"	0	0	0	0	2	0	0	0	0	2	2	2
"AGO4"	0	0	0	0	2	0	0	0	0	2	2	2
"AHCTF1"	0	0	0	0	1	1	0	0	0	2	2	2
"AKR1C1"	0	0	0	0	2	0	0	0	0	2	2	2
"ANK1"	0	0	0	0	2	0	0	0	0	2	2	2
"ANK3"	0	0	0	0	2	0	0	0	0	2	2	2
"ANKRD12"	0	0	0	0	0	1	0	1	0	2	2	2
"ANKRD26"	0	0	0	0	2	0	0	0	0	2	2	2
"APOB"	0	0	0	0	2	0	0	0	0	2	2	2
"ARRDC4"	0	0	0	0	2	0	0	0	0	2	2	2
"ASS1"	0	0	0	0	1	0	0	1	0	2	2	2
"ATP10D"	0	0	0	0	2	0	0	0	0	2	2	2
"ATP8A2"	0	0	0	0	1	0	0	1	0	2	2	2
"BAZ1B"	0	0	0	0	2	0	0	0	0	2	2	2
"BMX"	0	0	0	0	2	0	0	0	0	2	2	2
"CACNA1A"	0	0	0	0	1	0	0	1	0	2	2	2
"CADM4"	0	0	0	0	2	0	0	0	0	2	2	2
"CASK"	0	0	0	0	2	0	0	0	0	2	2	2
"CCDC168"	0	0	0	0	2	0	0	0	0	2	2	2
"CCDC40"	1	0	0	0	1	0	0	0	0	2	2	2
"CCDC57"	0	0	0	0	2	0	0	0	0	2	2	2
"CCPG1"	0	0	0	0	1	1	0	0	0	2	2	2
"CD46"	0	0	0	0	2	0	0	0	0	2	2	2
"CDH10"	0	0	0	0	2	0	0	0	0	2	2	2
"CEMIP"	0	0	0	0	1	1	0	0	0	2	2	2
"CEP162"	0	0	0	0	2	0	0	0	0	2	2	2
"CEP95"	0	0	0	0	2	0	0	0	0	2	2	2
"CHD4"	0	0	0	0	2	0	0	0	0	2	2	2
"CHD7"	0	0	0	0	2	0	0	0	0	2	2	2
"CNTNAP5"	0	0	0	0	2	0	0	0	0	2	2	2
"COL14A1"	0	0	0	0	2	0	0	0	0	2	2	2
"COL6A6"	0	0	0	0	1	0	0	1	0	2	2	2
"CTAGE6"	0	0	1	0	1	0	0	0	0	2	2	2
"CUBN"	0	0	0	0	2	0	0	0	0	2	2	2
"CUL4A"	0	0	0	0	2	0	0	0	0	2	2	2
"CYFIP1"	0	0	0	0	2	0	0	0	0	2	2	2
"DAB1"	0	0	0	0	1	1	0	0	0	2	2	2
"DCAF8L1"	0	0	0	0	2	0	0	0	0	2	2	2
"DGKI"	0	0	0	0	1	1	0	0	0	2	2	2
"DGKK"	1	0	0	0	1	0	0	0	0	2	2	2
"DHX29"	1	0	0	0	1	0	0	0	0	2	2	2
"DNAH5"	0	0	0	0	2	0	0	0	0	2	2	2
"DNAH6"	0	0	0	0	2	0	0	0	0	2	2	2
"DSCAM"	0	0	0	0	2	0	0	0	0	2	2	2
"DUSP27"	0	0	0	0	2	0	0	0	0	2	2	2
"EGFL6"	0	0	0	0	2	0	0	0	0	2	2	2
"EIF4G3"	0	0	1	0	1	0	0	0	0	2	2	2
"EML5"	0	0	0	0	2	0	0	0	0	2	2	2
"EML6"	0	0	0	0	2	0	0	0	0	2	2	2
"EPB41L1"	0	0	0	0	1	0	0	1	0	2	2	2
"EPHA4"	0	0	0	0	2	0	0	0	0	2	2	2
"ERBB3"	0	0	0	0	2	0	0	0	0	2	2	2
"ERG"	0	0	0	0	2	0	0	0	0	2	2	2
"EVPL"	0	0	0	0	1	1	0	0	0	2	2	2
"EXPH5"	0	0	0	0	2	0	0	0	0	2	2	2
"FAM21A"	0	0	0	0	2	0	0	0	0	2	2	2
"FAM83B"	0	0	0	0	2	0	0	0	0	2	2	2
"FAT2"	0	0	0	0	2	0	0	0	0	2	2	2
"FAT3"	0	0	0	0	2	0	0	0	0	2	2	2
"FBN3"	0	0	0	0	2	0	0	0	0	2	2	2
"FBXW7"	1	0	0	0	1	0	0	0	0	2	2	2
"FMR1"	0	0	0	0	2	0	0	0	0	2	2	2
"FNDC3A"	0	0	0	0	2	0	0	0	0	2	2	2
"FRMD4B"	0	0	0	0	1	1	0	0	0	2	2	2
"FSIP2"	0	0	0	1	1	0	0	0	0	2	2	2
"GALNT7"	0	1	0	0	1	0	0	0	0	2	2	2
"GAS2L2"	0	0	0	0	2	0	0	0	0	2	2	2
"GMEB1"	0	0	0	0	2	0	0	0	0	2	2	2
"GON4L"	0	0	0	0	2	0	0	0	0	2	2	2
"GPR158"	0	0	0	0	2	0	0	0	0	2	2	2
"GPS2"	0	0	0	0	1	1	0	0	0	2	2	2
"GRIP1"	0	0	0	0	2	0	0	0	0	2	2	2
"GRM2"	0	0	0	0	2	0	0	0	0	2	2	2
"GTF3C1"	1	0	0	0	1	0	0	0	0	2	2	2
"HCLS1"	0	0	0	0	1	1	0	0	0	2	2	2
"HERC2"	0	0	0	0	1	1	0	0	0	2	2	2
"HIST1H3B"	0	0	0	0	2	0	0	0	0	2	2	2
"HYDIN"	0	0	0	0	0	1	0	1	0	2	2	2
"IDS"	0	0	0	0	2	0	0	0	0	2	2	2
"IKBKB"	0	0	0	0	2	0	0	0	0	2	2	2
"IKZF1"	0	0	0	0	2	0	0	0	0	2	2	2
"IL1RAPL1"	0	0	0	0	2	0	0	0	0	2	2	2
"IPO8"	0	1	0	0	1	0	0	0	0	2	2	2
"IRS4"	0	0	0	0	2	0	0	0	0	2	2	2
"KAT6B"	0	0	0	0	2	0	0	0	0	2	2	2
"KCNQ1"	0	0	0	0	2	0	0	0	0	2	2	2
"KCNQ3"	0	0	0	0	2	0	0	0	0	2	2	2
"KIAA0100"	0	0	0	0	2	0	0	0	0	2	2	2
"KIAA0319"	0	0	0	0	2	0	0	0	0	2	2	2
"KIAA1549L"	0	0	0	0	2	0	0	0	0	2	2	2
"KIF1A"	0	0	0	0	2	0	0	0	0	2	2	2
"KIF21A"	0	0	0	0	1	1	0	0	0	2	2	2
"KMT2C"	0	0	0	0	2	0	0	0	0	2	2	2
"KMT2D"	0	0	0	0	2	0	0	0	0	2	2	2
"KMT2E"	0	0	0	0	2	0	0	0	0	2	2	2
"KRBA1"	0	0	0	0	2	0	0	0	0	2	2	2
"LCT"	0	0	0	0	2	0	0	0	0	2	2	2
"LGR6"	0	0	0	0	2	0	0	0	0	2	2	2
"LONP2"	0	0	0	0	2	0	0	0	0	2	2	2
"LRBA"	0	0	0	0	2	0	0	0	0	2	2	2
"LRRC42"	0	0	0	0	2	0	0	0	0	2	2	2
"LRRC8A"	0	0	0	0	2	0	0	0	0	2	2	2
"MAN2B1"	0	0	0	0	0	2	0	0	0	2	2	2
"MAP1A"	0	0	0	0	2	0	0	0	0	2	2	2
"MGA"	0	0	0	0	2	0	0	0	0	2	2	2
"MME"	0	0	0	0	2	0	0	0	0	2	2	2
"MRC2"	0	0	0	0	2	0	0	0	0	2	2	2
"MSLN"	0	0	0	0	2	0	0	0	0	2	2	2
"MUC4"	0	0	0	1	1	0	0	0	0	2	2	2
"MUC5B"	0	0	0	0	2	0	0	0	0	2	2	2
"MYH9"	0	0	0	0	2	0	0	0	0	2	2	2
"MYLK"	0	0	0	0	2	0	0	0	0	2	2	2
"MYO10"	0	0	0	0	2	0	0	0	0	2	2	2
"MYO18A"	0	0	0	0	2	0	0	0	0	2	2	2
"MYO18B"	0	0	0	0	2	0	0	0	0	2	2	2
"MYPN"	0	0	0	0	2	0	0	0	0	2	2	2
"NAV1"	0	0	0	0	2	0	0	0	0	2	2	2
"NAV3"	0	0	0	0	2	0	0	0	0	2	2	2
"NCOR1"	0	0	0	0	2	0	0	0	0	2	2	2
"NCOR2"	0	0	0	0	2	0	0	0	0	2	2	2
"NEB"	0	0	0	0	2	0	0	0	0	2	2	2
"NEK8"	0	0	0	0	2	0	0	0	0	2	2	2
"NF1"	0	0	0	0	0	2	0	0	0	2	2	2
"NLRP12"	0	0	0	0	2	0	0	0	0	2	2	2
"NME8"	0	0	0	0	2	0	0	0	0	2	2	2
"NPAS2"	0	0	0	0	2	0	0	0	0	2	2	2
"NRD1"	0	0	0	0	2	0	0	0	0	2	2	2
"OR11H4"	0	0	0	0	2	0	0	0	0	2	2	2
"OR6K3"	0	0	0	0	1	1	0	0	0	2	2	2
"PCDH12"	0	0	0	0	2	0	0	0	0	2	2	2
"PCDH15"	0	0	0	0	2	0	0	0	0	2	2	2
"PCDHB1"	0	0	0	0	2	0	0	0	0	2	2	2
"PCDHGB4"	0	0	0	0	2	0	0	0	0	2	2	2
"PCNT"	0	0	0	0	2	0	0	0	0	2	2	2
"PIK3C3"	0	0	0	0	2	0	0	0	0	2	2	2
"PLA2G4A"	0	0	0	0	2	0	0	0	0	2	2	2
"PLEKHA6"	0	0	0	0	2	0	0	0	0	2	2	2
"PLXNA4"	0	0	0	0	2	0	0	0	0	2	2	2
"PPIG"	0	0	0	0	2	0	0	0	0	2	2	2
"PPP1R3A"	1	0	0	0	1	0	0	0	0	2	2	2
"PPRC1"	0	0	0	0	1	1	0	0	0	2	2	2
"PREX1"	0	0	0	0	2	0	0	0	0	2	2	2
"PRMT9"	0	0	0	0	2	0	0	0	0	2	2	2
"PTK2"	0	0	0	0	1	1	0	0	0	2	2	2
"PTPRZ1"	0	0	0	0	2	0	0	0	0	2	2	2
"PVRL3"	0	0	0	0	2	0	0	0	0	2	2	2
"RBM19"	0	0	0	0	2	0	0	0	0	2	2	2
"RIN1"	0	0	0	0	2	0	0	0	0	2	2	2
"RNF31"	0	0	0	0	1	1	0	0	0	2	2	2
"RREB1"	0	0	0	0	2	0	0	0	0	2	2	2
"SCN11A"	0	0	0	0	2	0	0	0	0	2	2	2
"SCN2A"	0	0	0	0	2	0	0	0	0	2	2	2
"SDR16C5"	0	0	0	0	2	0	0	0	0	2	2	2
"SEC31B"	0	0	0	0	1	0	0	1	0	2	2	2
"SEPT6"	0	0	0	0	1	0	1	0	0	2	2	2
"SETDB1"	0	0	0	0	2	0	0	0	0	2	2	2
"SFPQ"	1	0	0	0	1	0	0	0	0	2	2	2
"SIDT2"	0	0	0	0	2	0	0	0	0	2	2	2
"SIGLEC6"	0	0	0	0	2	0	0	0	0	2	2	2
"SMG1"	0	0	0	0	0	2	0	0	0	2	2	2
"SMG8"	0	0	0	0	2	0	0	0	0	2	2	2
"SPEF2"	0	0	0	0	2	0	0	0	0	2	2	2
"SPRY3"	0	0	0	0	2	0	0	0	0	2	2	2
"SRRM4"	0	0	0	0	2	0	0	0	0	2	2	2
"SUPT16H"	0	0	0	0	2	0	0	0	0	2	2	2
"SYNE1"	0	0	0	0	2	0	0	0	0	2	2	2
"TAF1L"	0	0	0	0	2	0	0	0	0	2	2	2
"TCHH"	0	0	0	0	2	0	0	0	0	2	2	2
"TDRD1"	0	0	0	0	2	0	0	0	0	2	2	2
"TEKT5"	0	0	0	0	2	0	0	0	0	2	2	2
"TEX11"	0	0	0	0	1	1	0	0	0	2	2	2
"TEX15"	0	0	0	0	2	0	0	0	0	2	2	2
"THAP7"	0	0	0	0	2	0	0	0	0	2	2	2
"TNFAIP3"	0	0	0	0	2	0	0	0	0	2	2	2
"TNXB"	0	0	0	0	2	0	0	0	0	2	2	2
"TP73"	0	0	0	0	2	0	0	0	0	2	2	2
"TSHZ3"	0	0	0	0	2	0	0	0	0	2	2	2
"TSNARE1"	0	0	0	0	2	0	0	0	0	2	2	2
"TTBK2"	0	0	0	0	1	1	0	0	0	2	2	2
"UBXN2A"	0	0	0	0	1	1	0	0	0	2	2	2
"UMODL1"	0	0	0	0	2	0	0	0	0	2	2	2
"UNC5C"	0	0	0	0	2	0	0	0	0	2	2	2
"UNC93B1"	0	0	0	0	2	0	0	0	0	2	2	2
"UTRN"	0	0	0	0	2	0	0	0	0	2	2	2
"WDR7"	0	0	0	0	2	0	0	0	0	2	2	2
"WDR87"	0	0	0	0	2	0	0	0	0	2	2	2
"XKR4"	0	0	0	0	2	0	0	0	0	2	2	2
"XPOT"	0	0	0	0	2	0	0	0	0	2	2	2
"ZFPM2"	0	0	0	0	2	0	0	0	0	2	2	2
"ZNF142"	0	0	0	0	1	1	0	0	0	2	2	2
"ZNF229"	0	0	0	0	2	0	0	0	0	2	2	2
"ZNF234"	0	0	0	0	2	0	0	0	0	2	2	2
"ZNF592"	0	0	0	0	2	0	0	0	0	2	2	2
"ZNF90"	0	0	0	0	2	0	0	0	0	2	2	2
"C9orf131"	0	0	0	0	2	2	0	0	0	4	1	1
"ABCA13"	0	0	0	0	3	0	0	0	0	3	1	1
"DCTN1"	0	0	0	0	3	0	0	0	0	3	1	1
"PITX3"	0	0	0	0	3	0	0	0	0	3	1	1
"ACACB"	0	0	0	0	2	0	0	0	0	2	1	1
"ADAMTSL1"	0	0	0	0	1	1	0	0	0	2	1	1
"ADAR"	0	0	0	0	2	0	0	0	0	2	1	1
"ADGRL1"	0	0	0	0	2	0	0	0	0	2	1	1
"APC"	0	0	0	0	2	0	0	0	0	2	1	1
"ATR"	0	0	0	0	2	0	0	0	0	2	1	1
"C5orf42"	0	0	0	0	1	1	0	0	0	2	1	1
"CCDC172"	0	0	0	0	2	0	0	0	0	2	1	1
"CCNT1"	0	0	0	0	2	0	0	0	0	2	1	1
"CDC6"	0	0	0	0	2	0	0	0	0	2	1	1
"CIZ1"	0	0	0	0	2	0	0	0	0	2	1	1
"CXCR1"	0	0	0	0	2	0	0	0	0	2	1	1
"DCHS1"	0	0	0	0	2	0	0	0	0	2	1	1
"DDX41"	0	0	0	0	2	0	0	0	0	2	1	1
"DLST"	0	0	0	0	2	0	0	0	0	2	1	1
"DNAH9"	0	0	0	0	2	0	0	0	0	2	1	1
"DOC2A"	0	0	0	0	2	0	0	0	0	2	1	1
"DYNC1H1"	0	0	0	0	2	0	0	0	0	2	1	1
"EDN3"	1	0	0	0	1	0	0	0	0	2	1	1
"EPHB3"	0	0	0	0	2	0	0	0	0	2	1	1
"ERCC4"	0	0	0	0	1	1	0	0	0	2	1	1
"FAM102A"	0	0	0	0	1	1	0	0	0	2	1	1
"FAM186A"	0	0	0	0	2	0	0	0	0	2	1	1
"FAM73B"	0	0	0	0	2	0	0	0	0	2	1	1
"FMO5"	0	0	0	0	2	0	0	0	0	2	1	1
"FOXA1"	0	0	0	0	2	0	0	0	0	2	1	1
"KIF13A"	0	0	0	0	2	0	0	0	0	2	1	1
"LCE2A"	1	0	0	0	1	0	0	0	0	2	1	1
"LRP1B"	0	0	0	0	2	0	0	0	0	2	1	1
"LRRC7"	0	0	0	0	2	0	0	0	0	2	1	1
"MAN2A1"	0	0	0	0	2	0	0	0	0	2	1	1
"MROH5"	0	0	0	0	2	0	0	0	0	2	1	1
"MROH8"	0	0	0	0	1	0	0	1	0	2	1	1
"MTA3"	0	0	0	0	2	0	0	0	0	2	1	1
"MUC15"	0	0	0	1	0	1	0	0	0	2	1	1
"NARS2"	0	2	0	0	0	0	0	0	0	2	1	1
"NBPF12"	0	0	0	0	2	0	0	0	0	2	1	1
"NTN4"	0	0	0	0	2	0	0	0	0	2	1	1
"PANK4"	0	0	0	0	2	0	0	0	0	2	1	1
"PLCH1"	0	0	0	0	2	0	0	0	0	2	1	1
"PLEK2"	2	0	0	0	0	0	0	0	0	2	1	1
"PLEKHH2"	0	0	0	0	2	0	0	0	0	2	1	1
"PPP4R4"	0	0	0	0	2	0	0	0	0	2	1	1
"PREP"	0	0	0	0	2	0	0	0	0	2	1	1
"PSME4"	0	0	0	0	2	0	0	0	0	2	1	1
"PTPDC1"	0	0	0	0	1	1	0	0	0	2	1	1
"PTPRD"	0	0	0	0	1	1	0	0	0	2	1	1
"RB1"	0	0	0	0	1	1	0	0	0	2	1	1
"RFWD2"	0	0	0	0	2	0	0	0	0	2	1	1
"SAMD9L"	0	0	0	0	2	0	0	0	0	2	1	1
"SHROOM4"	0	0	0	0	2	0	0	0	0	2	1	1
"SLC8A3"	0	0	0	0	2	0	0	0	0	2	1	1
"SLITRK4"	0	0	0	0	1	1	0	0	0	2	1	1
"SOGA3"	0	0	0	0	2	0	0	0	0	2	1	1
"SRCAP"	0	0	0	0	0	2	0	0	0	2	1	1
"STON1"	0	0	0	0	1	1	0	0	0	2	1	1
"TMEM126A"	1	0	0	0	1	0	0	0	0	2	1	1
"TPCN2"	0	0	0	0	0	2	0	0	0	2	1	1
"TRMT10B"	0	0	0	0	2	0	0	0	0	2	1	1
"TSSC4"	0	0	0	0	2	0	0	0	0	2	1	1
"USP7"	0	0	0	0	2	0	0	0	0	2	1	1
"ZCCHC13"	0	0	0	0	0	2	0	0	0	2	1	1
"A2M"	0	0	0	0	1	0	0	0	0	1	1	1
"A2ML1"	0	0	0	0	1	0	0	0	0	1	1	1
"AARS"	0	0	0	0	1	0	0	0	0	1	1	1
"ABCB4"	0	0	0	0	1	0	0	0	0	1	1	1
"ABCB6"	0	0	0	0	1	0	0	0	0	1	1	1
"ABCC3"	0	0	0	0	1	0	0	0	0	1	1	1
"ABCC6"	0	0	0	0	1	0	0	0	0	1	1	1
"ABCD2"	0	0	0	0	1	0	0	0	0	1	1	1
"ABCF1"	0	0	0	0	1	0	0	0	0	1	1	1
"ABCF3"	0	0	0	0	1	0	0	0	0	1	1	1
"ABCG2"	0	0	0	0	1	0	0	0	0	1	1	1
"ABHD4"	0	0	0	0	0	0	0	1	0	1	1	1
"AC104809.3"	0	0	0	0	1	0	0	0	0	1	1	1
"ACAN"	0	0	0	0	1	0	0	0	0	1	1	1
"ACAP1"	0	0	0	0	1	0	0	0	0	1	1	1
"ACAT1"	0	0	0	0	1	0	0	0	0	1	1	1
"ACBD5"	0	0	0	0	1	0	0	0	0	1	1	1
"ACIN1"	0	0	0	0	1	0	0	0	0	1	1	1
"ACKR3"	0	0	0	0	1	0	0	0	0	1	1	1
"ACKR4"	0	0	0	0	1	0	0	0	0	1	1	1
"ACPP"	0	0	0	0	1	0	0	0	0	1	1	1
"ACRBP"	0	0	0	0	1	0	0	0	0	1	1	1
"ACRC"	0	0	0	0	1	0	0	0	0	1	1	1
"ACSL4"	0	0	0	0	1	0	0	0	0	1	1	1
"ACSM1"	0	0	0	0	1	0	0	0	0	1	1	1
"ACSM3"	0	0	0	0	1	0	0	0	0	1	1	1
"ACTBL2"	0	0	0	0	1	0	0	0	0	1	1	1
"ACTR3B"	0	0	0	0	1	0	0	0	0	1	1	1
"ACVR1B"	0	0	0	0	1	0	0	0	0	1	1	1
"ACVR1C"	0	0	0	0	1	0	0	0	0	1	1	1
"ACVR2A"	1	0	0	0	0	0	0	0	0	1	1	1
"ADAM32"	0	0	0	0	1	0	0	0	0	1	1	1
"ADAM33"	0	0	0	0	1	0	0	0	0	1	1	1
"ADAMTS1"	0	0	0	0	1	0	0	0	0	1	1	1
"ADAMTS13"	0	0	0	0	1	0	0	0	0	1	1	1
"ADAMTS17"	0	0	0	0	1	0	0	0	0	1	1	1
"ADAMTS3"	0	0	0	0	1	0	0	0	0	1	1	1
"ADAMTS7"	0	0	0	0	1	0	0	0	0	1	1	1
"ADAMTS9"	0	0	0	0	1	0	0	0	0	1	1	1
"ADAT2"	0	0	0	0	1	0	0	0	0	1	1	1
"ADCK2"	0	0	0	0	0	1	0	0	0	1	1	1
"ADCK3"	0	0	0	0	1	0	0	0	0	1	1	1
"ADCY1"	0	0	0	0	1	0	0	0	0	1	1	1
"ADCY2"	0	0	0	0	1	0	0	0	0	1	1	1
"ADGB"	0	0	0	0	1	0	0	0	0	1	1	1
"ADGRB3"	0	0	0	0	0	1	0	0	0	1	1	1
"ADGRE1"	0	0	0	0	1	0	0	0	0	1	1	1
"ADGRE2"	0	0	0	0	1	0	0	0	0	1	1	1
"ADGRG1"	0	1	0	0	0	0	0	0	0	1	1	1
"ADH6"	0	0	0	0	1	0	0	0	0	1	1	1
"ADNP"	0	0	0	0	1	0	0	0	0	1	1	1
"ADPRH"	0	0	0	0	1	0	0	0	0	1	1	1
"ADRA1A"	0	0	0	0	1	0	0	0	0	1	1	1
"ADRA1D"	0	0	0	0	1	0	0	0	0	1	1	1
"ADSS"	0	0	0	0	0	1	0	0	0	1	1	1
"AEBP1"	0	0	0	0	1	0	0	0	0	1	1	1
"AFF1"	0	0	0	0	1	0	0	0	0	1	1	1
"AFTPH"	0	0	0	0	0	0	0	1	0	1	1	1
"AGBL3"	0	0	0	0	0	1	0	0	0	1	1	1
"AGFG2"	0	0	0	0	1	0	0	0	0	1	1	1
"AGPS"	0	0	0	0	1	0	0	0	0	1	1	1
"AGRN"	0	0	0	0	1	0	0	0	0	1	1	1
"AIM1"	0	0	0	0	1	0	0	0	0	1	1	1
"AK7"	0	0	0	0	0	0	0	1	0	1	1	1
"AK8"	0	0	0	0	1	0	0	0	0	1	1	1
"AKAP12"	0	0	0	0	1	0	0	0	0	1	1	1
"AKAP4"	0	0	0	0	1	0	0	0	0	1	1	1
"AKR1B10"	0	0	0	0	0	1	0	0	0	1	1	1
"AKR1C2"	0	0	0	0	1	0	0	0	0	1	1	1
"AKR1E2"	0	0	0	0	0	0	1	0	0	1	1	1
"AKT2"	0	0	0	0	1	0	0	0	0	1	1	1
"AKT3"	0	0	0	0	1	0	0	0	0	1	1	1
"ALCAM"	1	0	0	0	0	0	0	0	0	1	1	1
"ALDH18A1"	0	0	0	0	1	0	0	0	0	1	1	1
"ALDH1A1"	0	0	0	0	1	0	0	0	0	1	1	1
"ALDH2"	0	0	0	0	1	0	0	0	0	1	1	1
"ALDH9A1"	0	0	0	0	1	0	0	0	0	1	1	1
"ALG13"	0	0	0	0	1	0	0	0	0	1	1	1
"ALG1L2"	0	0	0	0	0	1	0	0	0	1	1	1
"ALKBH8"	1	0	0	0	0	0	0	0	0	1	1	1
"ALOX15"	0	0	0	0	1	0	0	0	0	1	1	1
"ALPK2"	0	0	0	0	1	0	0	0	0	1	1	1
"ALX4"	0	0	0	0	1	0	0	0	0	1	1	1
"AMELX"	0	0	0	0	1	0	0	0	0	1	1	1
"AMMECR1L"	0	0	0	0	1	0	0	0	0	1	1	1
"AMZ1"	0	0	0	0	0	1	0	0	0	1	1	1
"AMZ2"	0	0	0	0	1	0	0	0	0	1	1	1
"ANAPC1"	0	0	0	0	0	1	0	0	0	1	1	1
"ANAPC4"	0	0	0	0	1	0	0	0	0	1	1	1
"ANGPTL3"	0	0	0	0	1	0	0	0	0	1	1	1
"ANK2"	0	0	0	0	1	0	0	0	0	1	1	1
"ANKLE2"	0	0	0	0	1	0	0	0	0	1	1	1
"ANKRD11"	0	0	0	0	1	0	0	0	0	1	1	1
"ANKRD27"	0	0	0	0	1	0	0	0	0	1	1	1
"ANKRD33"	0	0	0	0	1	0	0	0	0	1	1	1
"ANKRD34C"	0	0	0	0	1	0	0	0	0	1	1	1
"ANKRD36C"	0	0	0	0	1	0	0	0	0	1	1	1
"ANKRD42"	0	0	0	0	1	0	0	0	0	1	1	1
"ANKRD7"	0	0	0	0	1	0	0	0	0	1	1	1
"ANO2"	0	0	0	0	1	0	0	0	0	1	1	1
"ANP32E"	0	0	0	0	1	0	0	0	0	1	1	1
"AOX1"	0	0	0	0	1	0	0	0	0	1	1	1
"AP2A2"	0	0	0	0	1	0	0	0	0	1	1	1
"AP3B2"	0	0	0	0	1	0	0	0	0	1	1	1
"AP4M1"	0	0	0	0	1	0	0	0	0	1	1	1
"AP5Z1"	0	0	0	0	1	0	0	0	0	1	1	1
"APBA1"	0	0	0	0	1	0	0	0	0	1	1	1
"APC2"	0	0	0	0	1	0	0	0	0	1	1	1
"APLP1"	0	0	0	0	1	0	0	0	0	1	1	1
"APMAP"	0	0	0	0	1	0	0	0	0	1	1	1
"APOC2"	0	0	0	0	1	0	0	0	0	1	1	1
"AQP3"	0	0	0	0	1	0	0	0	0	1	1	1
"AQR"	0	0	0	0	1	0	0	0	0	1	1	1
"AR"	0	0	0	0	1	0	0	0	0	1	1	1
"ARAF"	0	0	0	0	1	0	0	0	0	1	1	1
"ARAP1"	0	0	0	0	1	0	0	0	0	1	1	1
"ARC"	0	0	0	0	1	0	0	0	0	1	1	1
"ARF3"	0	0	0	0	1	0	0	0	0	1	1	1
"ARFGEF1"	0	0	0	0	1	0	0	0	0	1	1	1
"ARFIP2"	0	0	0	0	1	0	0	0	0	1	1	1
"ARHGAP18"	0	0	0	0	1	0	0	0	0	1	1	1
"ARHGAP25"	0	0	0	0	1	0	0	0	0	1	1	1
"ARHGAP28"	0	0	0	0	1	0	0	0	0	1	1	1
"ARHGAP39"	0	0	0	0	1	0	0	0	0	1	1	1
"ARHGAP42"	0	0	0	0	1	0	0	0	0	1	1	1
"ARHGAP5"	0	0	0	0	1	0	0	0	0	1	1	1
"ARHGEF1"	0	0	0	0	1	0	0	0	0	1	1	1
"ARHGEF11"	0	0	0	0	1	0	0	0	0	1	1	1
"ARHGEF16"	0	0	0	0	1	0	0	0	0	1	1	1
"ARHGEF2"	0	0	0	0	1	0	0	0	0	1	1	1
"ARHGEF40"	0	0	0	0	1	0	0	0	0	1	1	1
"ARHGEF6"	0	0	0	0	1	0	0	0	0	1	1	1
"ARHGEF7"	0	0	0	0	1	0	0	0	0	1	1	1
"ARIH1"	0	0	0	0	0	1	0	0	0	1	1	1
"ARL11"	0	0	0	0	1	0	0	0	0	1	1	1
"ARL6IP6"	0	0	0	0	1	0	0	0	0	1	1	1
"ARMC4"	0	0	0	0	1	0	0	0	0	1	1	1
"ARMC6"	0	0	0	0	1	0	0	0	0	1	1	1
"ARPIN"	0	0	0	0	1	0	0	0	0	1	1	1
"ARSE"	0	0	0	0	1	0	0	0	0	1	1	1
"ASB10"	0	0	0	0	1	0	0	0	0	1	1	1
"ASB16"	1	0	0	0	0	0	0	0	0	1	1	1
"ASB9"	0	0	0	0	1	0	0	0	0	1	1	1
"ASCL3"	0	0	0	0	1	0	0	0	0	1	1	1
"ASIC3"	0	0	0	0	1	0	0	0	0	1	1	1
"ASL"	0	0	0	0	1	0	0	0	0	1	1	1
"ASMTL"	0	0	0	0	1	0	0	0	0	1	1	1
"ASPG"	0	0	0	0	1	0	0	0	0	1	1	1
"ASUN"	0	0	0	0	1	0	0	0	0	1	1	1
"ASXL3"	0	0	0	0	1	0	0	0	0	1	1	1
"ATAD2B"	0	0	0	0	0	1	0	0	0	1	1	1
"ATAT1"	0	0	0	0	0	0	0	1	0	1	1	1
"ATF2"	0	0	0	0	1	0	0	0	0	1	1	1
"ATF4"	0	0	0	0	1	0	0	0	0	1	1	1
"ATL1"	0	0	0	0	1	0	0	0	0	1	1	1
"ATN1"	0	0	0	0	1	0	0	0	0	1	1	1
"ATP12A"	0	0	0	0	1	0	0	0	0	1	1	1
"ATP13A3"	0	0	0	0	1	0	0	0	0	1	1	1
"ATP1A4"	0	0	0	0	1	0	0	0	0	1	1	1
"ATP2B2"	0	0	0	0	0	1	0	0	0	1	1	1
"ATP2B3"	0	0	0	0	1	0	0	0	0	1	1	1
"ATP2B4"	0	0	0	0	1	0	0	0	0	1	1	1
"ATP2C1"	0	0	0	0	1	0	0	0	0	1	1	1
"ATP6V1B1"	0	0	0	0	1	0	0	0	0	1	1	1
"ATPIF1"	1	0	0	0	0	0	0	0	0	1	1	1
"ATRX"	0	0	0	0	1	0	0	0	0	1	1	1
"ATXN1"	0	0	0	0	1	0	0	0	0	1	1	1
"ATXN2"	0	0	0	0	1	0	0	0	0	1	1	1
"AUH"	0	0	0	0	1	0	0	0	0	1	1	1
"AVPI1"	0	0	0	0	1	0	0	0	0	1	1	1
"AXIN2"	0	0	0	0	1	0	0	0	0	1	1	1
"AZI2"	0	0	0	0	0	1	0	0	0	1	1	1
"B4GAT1"	0	0	0	0	1	0	0	0	0	1	1	1
"BACH2"	0	0	0	0	1	0	0	0	0	1	1	1
"BAG6"	0	0	0	0	1	0	0	0	0	1	1	1
"BARHL2"	0	0	0	0	1	0	0	0	0	1	1	1
"BATF2"	0	0	0	0	0	1	0	0	0	1	1	1
"BAZ2A"	0	0	0	0	1	0	0	0	0	1	1	1
"BCAS1"	0	0	0	0	1	0	0	0	0	1	1	1
"BCL7B"	0	0	0	0	1	0	0	0	0	1	1	1
"BDP1"	0	0	0	0	1	0	0	0	0	1	1	1
"BEND3"	0	0	0	0	1	0	0	0	0	1	1	1
"BEND7"	0	0	0	0	1	0	0	0	0	1	1	1
"BEST2"	0	0	0	0	1	0	0	0	0	1	1	1
"BIN2"	0	0	0	0	1	0	0	0	0	1	1	1
"BIRC2"	0	0	0	0	1	0	0	0	0	1	1	1
"BIRC3"	0	0	0	0	1	0	0	0	0	1	1	1
"BLM"	0	0	0	0	1	0	0	0	0	1	1	1
"BLOC1S1"	0	0	0	0	1	0	0	0	0	1	1	1
"BLZF1"	0	0	0	1	0	0	0	0	0	1	1	1
"BMP2K"	0	0	0	0	1	0	0	0	0	1	1	1
"BMPR2"	0	0	0	0	0	1	0	0	0	1	1	1
"BMS1"	0	0	0	0	1	0	0	0	0	1	1	1
"BPIFB3"	0	0	0	0	0	1	0	0	0	1	1	1
"BRAF"	0	0	0	0	1	0	0	0	0	1	1	1
"BRAP"	0	0	0	0	1	0	0	0	0	1	1	1
"BRCA2"	0	0	0	0	1	0	0	0	0	1	1	1
"BRICD5"	0	0	0	0	1	0	0	0	0	1	1	1
"BRMS1L"	0	0	0	0	1	0	0	0	0	1	1	1
"BSG"	0	0	0	0	1	0	0	0	0	1	1	1
"BSND"	0	0	0	0	1	0	0	0	0	1	1	1
"BSX"	0	0	0	0	1	0	0	0	0	1	1	1
"BTBD1"	0	0	0	0	1	0	0	0	0	1	1	1
"BTBD3"	0	0	0	0	0	1	0	0	0	1	1	1
"BTBD7"	0	0	0	0	1	0	0	0	0	1	1	1
"BTBD9"	0	0	0	0	1	0	0	0	0	1	1	1
"BTD"	0	0	0	0	1	0	0	0	0	1	1	1
"BTF3"	0	0	0	0	1	0	0	0	0	1	1	1
"BTN2A1"	0	0	0	0	1	0	0	0	0	1	1	1
"BUB1"	0	0	0	0	1	0	0	0	0	1	1	1
"BVES"	0	0	0	0	1	0	0	0	0	1	1	1
"C10orf71"	0	0	0	0	1	0	0	0	0	1	1	1
"C10orf88"	0	0	0	0	1	0	0	0	0	1	1	1
"C10orf99"	0	0	0	0	1	0	0	0	0	1	1	1
"C11orf30"	0	0	0	0	1	0	0	0	0	1	1	1
"C11orf45"	0	0	0	0	1	0	0	0	0	1	1	1
"C12orf56"	0	0	0	0	1	0	0	0	0	1	1	1
"C14orf1"	0	0	0	0	1	0	0	0	0	1	1	1
"C14orf37"	0	0	0	0	1	0	0	0	0	1	1	1
"C16orf62"	0	0	0	0	1	0	0	0	0	1	1	1
"C16orf70"	0	0	0	0	1	0	0	0	0	1	1	1
"C16orf71"	0	0	0	0	1	0	0	0	0	1	1	1
"C17orf104"	0	0	0	0	1	0	0	0	0	1	1	1
"C19orf70"	0	0	0	0	1	0	0	0	0	1	1	1
"C1orf106"	0	0	1	0	0	0	0	0	0	1	1	1
"C1orf127"	0	0	0	0	1	0	0	0	0	1	1	1
"C1orf141"	0	0	0	0	1	0	0	0	0	1	1	1
"C1orf198"	0	0	0	0	1	0	0	0	0	1	1	1
"C20orf195"	0	0	0	0	1	0	0	0	0	1	1	1
"C20orf96"	0	0	0	0	1	0	0	0	0	1	1	1
"C2CD5"	0	0	0	0	1	0	0	0	0	1	1	1
"C2orf16"	0	0	0	0	1	0	0	0	0	1	1	1
"C2orf61"	0	0	0	0	1	0	0	0	0	1	1	1
"C3orf30"	0	0	0	0	1	0	0	0	0	1	1	1
"C3orf38"	0	0	0	0	1	0	0	0	0	1	1	1
"C4BPA"	0	0	0	0	1	0	0	0	0	1	1	1
"C6orf120"	0	0	0	0	1	0	0	0	0	1	1	1
"C7orf31"	0	0	0	0	1	0	0	0	0	1	1	1
"C7orf55-LUC7L2"	0	0	0	0	1	0	0	0	0	1	1	1
"C7orf72"	1	0	0	0	0	0	0	0	0	1	1	1
"C9orf173"	0	0	0	0	1	0	0	0	0	1	1	1
"CA3"	0	0	0	0	1	0	0	0	0	1	1	1
"CA5A"	0	0	0	0	1	0	0	0	0	1	1	1
"CABIN1"	0	0	0	0	1	0	0	0	0	1	1	1
"CABYR"	0	0	0	0	1	0	0	0	0	1	1	1
"CACNA1D"	0	0	0	0	1	0	0	0	0	1	1	1
"CACNA1E"	0	0	0	0	1	0	0	0	0	1	1	1
"CACNA1F"	0	0	0	0	1	0	0	0	0	1	1	1
"CACNA1S"	0	0	0	0	1	0	0	0	0	1	1	1
"CACNA2D1"	0	0	0	0	1	0	0	0	0	1	1	1
"CACNB3"	0	0	0	0	1	0	0	0	0	1	1	1
"CACNG3"	0	0	0	0	1	0	0	0	0	1	1	1
"CADPS"	0	0	0	0	1	0	0	0	0	1	1	1
"CADPS2"	0	0	0	0	1	0	0	0	0	1	1	1
"CALCOCO1"	0	0	0	0	1	0	0	0	0	1	1	1
"CALCR"	0	0	0	0	1	0	0	0	0	1	1	1
"CAMK2D"	0	0	0	0	1	0	0	0	0	1	1	1
"CAMTA1"	0	0	0	0	1	0	0	0	0	1	1	1
"CAMTA2"	0	0	0	0	1	0	0	0	0	1	1	1
"CANT1"	0	0	0	0	1	0	0	0	0	1	1	1
"CAP2"	0	0	0	0	1	0	0	0	0	1	1	1
"CAPN11"	0	0	0	0	0	1	0	0	0	1	1	1
"CAPRIN2"	0	0	0	0	1	0	0	0	0	1	1	1
"CAPSL"	0	0	0	0	1	0	0	0	0	1	1	1
"CARD10"	0	0	0	0	1	0	0	0	0	1	1	1
"CARD11"	0	0	0	0	1	0	0	0	0	1	1	1
"CARHSP1"	0	0	0	0	1	0	0	0	0	1	1	1
"CASD1"	0	0	0	0	1	0	0	0	0	1	1	1
"CASP2"	0	0	0	0	1	0	0	0	0	1	1	1
"CASP8"	0	0	0	0	1	0	0	0	0	1	1	1
"CASP8AP2"	0	0	0	0	1	0	0	0	0	1	1	1
"CASQ1"	0	0	0	0	1	0	0	0	0	1	1	1
"CASQ2"	0	0	0	0	1	0	0	0	0	1	1	1
"CAST"	0	0	0	0	1	0	0	0	0	1	1	1
"CBR1"	0	0	0	0	1	0	0	0	0	1	1	1
"CCAR2"	0	0	0	0	1	0	0	0	0	1	1	1
"CCDC105"	0	0	0	0	1	0	0	0	0	1	1	1
"CCDC127"	0	0	0	0	1	0	0	0	0	1	1	1
"CCDC141"	0	0	0	0	1	0	0	0	0	1	1	1
"CCDC150"	0	0	0	0	1	0	0	0	0	1	1	1
"CCDC166"	0	0	0	0	0	1	0	0	0	1	1	1
"CCDC167"	0	0	0	0	1	0	0	0	0	1	1	1
"CCDC171"	0	0	0	0	1	0	0	0	0	1	1	1
"CCDC186"	0	0	0	0	1	0	0	0	0	1	1	1
"CCDC39"	0	0	0	0	1	0	0	0	0	1	1	1
"CCDC62"	0	0	0	0	1	0	0	0	0	1	1	1
"CCDC65"	0	0	0	0	1	0	0	0	0	1	1	1
"CCDC88A"	0	0	0	0	1	0	0	0	0	1	1	1
"CCDC91"	1	0	0	0	0	0	0	0	0	1	1	1
"CCER1"	0	0	0	0	1	0	0	0	0	1	1	1
"CCIN"	0	0	0	0	1	0	0	0	0	1	1	1
"CCL11"	0	0	0	0	1	0	0	0	0	1	1	1
"CCL23"	0	0	0	0	1	0	0	0	0	1	1	1
"CCNA1"	0	0	0	0	1	0	0	0	0	1	1	1
"CCNDBP1"	0	0	0	0	1	0	0	0	0	1	1	1
"CCNK"	0	0	0	0	1	0	0	0	0	1	1	1
"CCRL2"	0	0	0	0	1	0	0	0	0	1	1	1
"CCT6A"	0	0	0	0	0	0	0	1	0	1	1	1
"CCT8"	0	0	0	0	1	0	0	0	0	1	1	1
"CD19"	0	0	0	0	1	0	0	0	0	1	1	1
"CD207"	0	0	0	0	1	0	0	0	0	1	1	1
"CD248"	0	0	0	0	1	0	0	0	0	1	1	1
"CD55"	1	0	0	0	0	0	0	0	0	1	1	1
"CD70"	0	0	0	0	1	0	0	0	0	1	1	1
"CD84"	0	0	0	0	1	0	0	0	0	1	1	1
"CD99L2"	0	0	0	0	1	0	0	0	0	1	1	1
"CDC34"	0	0	0	0	1	0	0	0	0	1	1	1
"CDC42BPA"	0	0	0	0	1	0	0	0	0	1	1	1
"CDC5L"	0	0	0	0	1	0	0	0	0	1	1	1
"CDCA2"	0	0	0	0	1	0	0	0	0	1	1	1
"CDH16"	0	0	0	0	1	0	0	0	0	1	1	1
"CDH18"	0	0	0	0	1	0	0	0	0	1	1	1
"CDH20"	0	0	0	0	1	0	0	0	0	1	1	1
"CDH24"	0	0	0	0	1	0	0	0	0	1	1	1
"CDH4"	0	0	0	0	1	0	0	0	0	1	1	1
"CDK18"	0	0	0	0	1	0	0	0	0	1	1	1
"CDKN3"	0	0	0	0	1	0	0	0	0	1	1	1
"CDYL"	0	0	0	0	1	0	0	0	0	1	1	1
"CEACAM1"	0	0	0	0	1	0	0	0	0	1	1	1
"CELF1"	0	0	0	0	1	0	0	0	0	1	1	1
"CELSR1"	0	0	0	0	1	0	0	0	0	1	1	1
"CENPC"	0	0	0	0	1	0	0	0	0	1	1	1
"CENPE"	0	0	0	0	1	0	0	0	0	1	1	1
"CENPJ"	0	0	0	0	1	0	0	0	0	1	1	1
"CEP120"	0	0	0	0	1	0	0	0	0	1	1	1
"CEP170"	0	0	0	0	1	0	0	0	0	1	1	1
"CEP290"	0	0	0	0	1	0	0	0	0	1	1	1
"CEP350"	0	0	0	0	1	0	0	0	0	1	1	1
"CEP70"	0	0	0	0	1	0	0	0	0	1	1	1
"CEP72"	0	0	0	0	1	0	0	0	0	1	1	1
"CERS5"	0	0	0	0	1	0	0	0	0	1	1	1
"CFAP36"	0	0	0	0	1	0	0	0	0	1	1	1
"CFAP54"	0	0	0	0	1	0	0	0	0	1	1	1
"CFAP61"	0	0	0	0	1	0	0	0	0	1	1	1
"CFAP69"	0	0	0	0	1	0	0	0	0	1	1	1
"CFHR4"	0	0	0	0	0	1	0	0	0	1	1	1
"CFL1"	0	0	0	0	0	1	0	0	0	1	1	1
"CFTR"	0	0	0	0	0	1	0	0	0	1	1	1
"CHAC2"	0	0	0	0	0	1	0	0	0	1	1	1
"CHAD"	0	0	0	0	1	0	0	0	0	1	1	1
"CHCHD1"	0	0	0	0	1	0	0	0	0	1	1	1
"CHD2"	0	0	0	0	1	0	0	0	0	1	1	1
"CHD6"	0	0	0	0	1	0	0	0	0	1	1	1
"CHD9"	0	0	0	0	1	0	0	0	0	1	1	1
"CHEK2"	0	0	0	0	0	1	0	0	0	1	1	1
"CHKB"	0	0	0	0	0	0	1	0	0	1	1	1
"CHML"	1	0	0	0	0	0	0	0	0	1	1	1
"CHN1"	0	0	0	0	1	0	0	0	0	1	1	1
"CHN2"	0	0	0	0	1	0	0	0	0	1	1	1
"CHORDC1"	0	0	0	0	1	0	0	0	0	1	1	1
"CHP2"	0	0	0	0	1	0	0	0	0	1	1	1
"CHRM5"	1	0	0	0	0	0	0	0	0	1	1	1
"CHRNA4"	0	0	0	0	1	0	0	0	0	1	1	1
"CHRNB4"	0	0	0	0	1	0	0	0	0	1	1	1
"CHST8"	0	0	0	0	1	0	0	0	0	1	1	1
"CHTF18"	0	0	0	0	1	0	0	0	0	1	1	1
"CHURC1"	0	0	0	0	0	1	0	0	0	1	1	1
"CILP"	0	0	0	0	1	0	0	0	0	1	1	1
"CLASRP"	0	0	0	0	1	0	0	0	0	1	1	1
"CLCA4"	0	0	0	0	1	0	0	0	0	1	1	1
"CLCC1"	0	0	0	0	1	0	0	0	0	1	1	1
"CLCN1"	0	0	0	0	1	0	0	0	0	1	1	1
"CLDND1"	0	0	0	0	0	0	0	1	0	1	1	1
"CLEC12A"	0	0	0	0	1	0	0	0	0	1	1	1
"CLEC1A"	0	0	0	0	1	0	0	0	0	1	1	1
"CLEC4F"	0	0	0	0	1	0	0	0	0	1	1	1
"CLECL1"	0	0	0	0	1	0	0	0	0	1	1	1
"CLHC1"	0	0	0	0	1	0	0	0	0	1	1	1
"CLIP2"	0	0	0	0	1	0	0	0	0	1	1	1
"CLK4"	0	0	0	0	0	1	0	0	0	1	1	1
"CLN3"	0	0	0	0	1	0	0	0	0	1	1	1
"CLPB"	0	0	0	0	1	0	0	0	0	1	1	1
"CLTC"	0	0	0	0	1	0	0	0	0	1	1	1
"CLU"	0	0	0	0	1	0	0	0	0	1	1	1
"CLUH"	1	0	0	0	0	0	0	0	0	1	1	1
"CMAS"	0	0	0	0	1	0	0	0	0	1	1	1
"CNBD1"	0	0	0	0	1	0	0	0	0	1	1	1
"CNGB3"	0	0	0	0	1	0	0	0	0	1	1	1
"CNOT11"	0	0	0	0	1	0	0	0	0	1	1	1
"CNOT6L"	0	0	0	0	1	0	0	0	0	1	1	1
"CNR1"	0	0	0	0	1	0	0	0	0	1	1	1
"CNTFR"	0	0	0	0	1	0	0	0	0	1	1	1
"CNTN4"	0	0	0	0	1	0	0	0	0	1	1	1
"CNTN5"	0	0	0	0	1	0	0	0	0	1	1	1
"CNTNAP3"	0	0	0	0	1	0	0	0	0	1	1	1
"CNTNAP4"	0	0	0	0	1	0	0	0	0	1	1	1
"COBLL1"	0	0	0	0	1	0	0	0	0	1	1	1
"COL16A1"	0	0	0	0	1	0	0	0	0	1	1	1
"COL18A1"	1	0	0	0	0	0	0	0	0	1	1	1
"COL19A1"	0	0	0	0	0	1	0	0	0	1	1	1
"COL1A1"	0	0	0	0	1	0	0	0	0	1	1	1
"COL20A1"	0	0	0	0	1	0	0	0	0	1	1	1
"COL21A1"	0	0	0	0	1	0	0	0	0	1	1	1
"COL24A1"	0	0	0	0	1	0	0	0	0	1	1	1
"COL5A3"	0	0	0	0	1	0	0	0	0	1	1	1
"COL6A3"	0	0	0	0	1	0	0	0	0	1	1	1
"COL7A1"	0	0	0	0	1	0	0	0	0	1	1	1
"COL9A2"	0	0	0	0	1	0	0	0	0	1	1	1
"COLEC10"	0	0	0	0	1	0	0	0	0	1	1	1
"COMMD4"	0	0	0	0	1	0	0	0	0	1	1	1
"COPA"	0	0	0	0	1	0	0	0	0	1	1	1
"COPB1"	0	0	0	0	1	0	0	0	0	1	1	1
"COPE"	0	0	0	0	1	0	0	0	0	1	1	1
"COPS7B"	0	0	0	0	1	0	0	0	0	1	1	1
"COQ5"	0	0	0	0	1	0	0	0	0	1	1	1
"COX4I1"	0	1	0	0	0	0	0	0	0	1	1	1
"COX4I2"	0	0	1	0	0	0	0	0	0	1	1	1
"CPA4"	0	0	0	0	1	0	0	0	0	1	1	1
"CPA6"	0	0	1	0	0	0	0	0	0	1	1	1
"CPAMD8"	0	0	0	0	1	0	0	0	0	1	1	1
"CPEB1"	0	0	0	0	0	1	0	0	0	1	1	1
"CPEB2"	0	0	0	0	1	0	0	0	0	1	1	1
"CPNE1"	0	1	0	0	0	0	0	0	0	1	1	1
"CPNE7"	0	0	0	0	0	0	0	1	0	1	1	1
"CPNE8"	0	0	0	0	1	0	0	0	0	1	1	1
"CPPED1"	0	0	0	0	1	0	0	0	0	1	1	1
"CPS1"	0	0	0	0	1	0	0	0	0	1	1	1
"CPT1B"	0	0	0	0	1	0	0	0	0	1	1	1
"CR2"	0	0	0	0	1	0	0	0	0	1	1	1
"CRB1"	1	0	0	0	0	0	0	0	0	1	1	1
"CREBBP"	0	0	0	0	1	0	0	0	0	1	1	1
"CREBRF"	0	0	0	0	1	0	0	0	0	1	1	1
"CRHR2"	0	0	0	0	0	0	0	1	0	1	1	1
"CRISPLD1"	0	0	0	0	1	0	0	0	0	1	1	1
"CRNKL1"	0	0	0	0	1	0	0	0	0	1	1	1
"CRNN"	0	0	0	0	1	0	0	0	0	1	1	1
"CRTAC1"	0	0	0	0	1	0	0	0	0	1	1	1
"CRTAM"	0	0	0	0	1	0	0	0	0	1	1	1
"CRTC2"	0	0	0	0	1	0	0	0	0	1	1	1
"CRYBG3"	0	0	0	0	1	0	0	0	0	1	1	1
"CSF2RB"	0	0	0	0	1	0	0	0	0	1	1	1
"CSMD1"	0	0	0	0	0	1	0	0	0	1	1	1
"CSMD2"	0	0	0	0	1	0	0	0	0	1	1	1
"CSMD3"	0	0	0	0	1	0	0	0	0	1	1	1
"CSPP1"	0	0	0	0	1	0	0	0	0	1	1	1
"CTCF"	0	0	0	0	1	0	0	0	0	1	1	1
"CTDSPL"	0	0	0	0	1	0	0	0	0	1	1	1
"CTNNA3"	0	0	0	0	0	1	0	0	0	1	1	1
"CTNND1"	0	0	0	0	1	0	0	0	0	1	1	1
"CTNND2"	0	0	0	0	1	0	0	0	0	1	1	1
"CTSB"	0	0	0	0	1	0	0	0	0	1	1	1
"CTSO"	0	0	0	0	1	0	0	0	0	1	1	1
"CUL3"	0	0	0	0	1	0	0	0	0	1	1	1
"CUL7"	0	0	0	0	1	0	0	0	0	1	1	1
"CXCL16"	0	0	0	0	1	0	0	0	0	1	1	1
"CXCR2"	0	0	0	0	1	0	0	0	0	1	1	1
"CXorf21"	0	0	0	0	1	0	0	0	0	1	1	1
"CXorf38"	0	0	0	0	1	0	0	0	0	1	1	1
"CXorf58"	0	0	0	0	1	0	0	0	0	1	1	1
"CYB5R1"	0	0	0	0	1	0	0	0	0	1	1	1
"CYGB"	0	0	0	0	1	0	0	0	0	1	1	1
"CYLD"	0	0	0	0	1	0	0	0	0	1	1	1
"CYP2A7"	0	0	0	0	1	0	0	0	0	1	1	1
"CYP4A11"	0	0	0	0	1	0	0	0	0	1	1	1
"CYP4F11"	0	0	0	0	1	0	0	0	0	1	1	1
"CYTIP"	0	0	0	0	1	0	0	0	0	1	1	1
"DAAM2"	0	0	0	0	1	0	0	0	0	1	1	1
"DACH1"	0	0	0	0	1	0	0	0	0	1	1	1
"DAP3"	0	0	0	0	1	0	0	0	0	1	1	1
"DAPK2"	0	0	0	0	1	0	0	0	0	1	1	1
"DARS2"	0	0	0	0	1	0	0	0	0	1	1	1
"DBNL"	0	0	0	0	1	0	0	0	0	1	1	1
"DCAF12"	0	0	0	0	0	1	0	0	0	1	1	1
"DCAF17"	0	0	0	0	1	0	0	0	0	1	1	1
"DCHS2"	0	0	0	0	1	0	0	0	0	1	1	1
"DCLK2"	0	0	0	0	1	0	0	0	0	1	1	1
"DCLRE1B"	0	0	0	0	1	0	0	0	0	1	1	1
"DCP1B"	0	0	0	0	0	1	0	0	0	1	1	1
"DCST1"	0	0	0	0	0	1	0	0	0	1	1	1
"DCTN5"	0	0	0	0	0	1	0	0	0	1	1	1
"DCTPP1"	0	0	0	0	1	0	0	0	0	1	1	1
"DDAH1"	0	0	0	0	0	0	0	1	0	1	1	1
"DDHD1"	0	0	0	0	1	0	0	0	0	1	1	1
"DDIAS"	0	0	0	0	0	1	0	0	0	1	1	1
"DDX43"	0	0	0	0	1	0	0	0	0	1	1	1
"DDX53"	0	0	0	0	1	0	0	0	0	1	1	1
"DEAF1"	0	0	0	0	1	0	0	0	0	1	1	1
"DENND1B"	0	0	0	0	1	0	0	0	0	1	1	1
"DENND4C"	0	0	0	0	0	1	0	0	0	1	1	1
"DHRS13"	0	0	0	0	1	0	0	0	0	1	1	1
"DHX30"	0	0	0	0	0	0	0	1	0	1	1	1
"DHX32"	0	0	0	0	1	0	0	0	0	1	1	1
"DHX58"	0	0	0	0	1	0	0	0	0	1	1	1
"DIABLO"	0	0	0	0	1	0	0	0	0	1	1	1
"DICER1"	0	0	0	0	1	0	0	0	0	1	1	1
"DIDO1"	0	0	0	0	1	0	0	0	0	1	1	1
"DIEXF"	0	0	0	0	1	0	0	0	0	1	1	1
"DIRAS2"	0	0	0	0	1	0	0	0	0	1	1	1
"DISP1"	0	0	0	0	1	0	0	0	0	1	1	1
"DLG5"	0	0	0	0	1	0	0	0	0	1	1	1
"DLGAP2"	0	0	0	0	1	0	0	0	0	1	1	1
"DLGAP5"	1	0	0	0	0	0	0	0	0	1	1	1
"DLX1"	0	0	0	0	1	0	0	0	0	1	1	1
"DMAP1"	0	0	0	0	0	0	0	1	0	1	1	1
"DMRTA2"	0	0	0	0	1	0	0	0	0	1	1	1
"DNAAF3"	0	0	0	0	1	0	0	0	0	1	1	1
"DNAAF5"	0	0	0	0	1	0	0	0	0	1	1	1
"DNAH10"	0	0	0	0	1	0	0	0	0	1	1	1
"DNAH11"	0	0	1	0	0	0	0	0	0	1	1	1
"DNAH12"	0	0	0	0	1	0	0	0	0	1	1	1
"DNAH14"	0	0	0	0	1	0	0	0	0	1	1	1
"DNAH17"	0	0	0	0	1	0	0	0	0	1	1	1
"DNAH2"	0	0	0	0	1	0	0	0	0	1	1	1
"DNAH3"	0	0	0	0	1	0	0	0	0	1	1	1
"DNAI2"	0	0	0	0	1	0	0	0	0	1	1	1
"DNAJA4"	0	0	0	0	1	0	0	0	0	1	1	1
"DNAJC14"	0	0	0	0	1	0	0	0	0	1	1	1
"DNAJC6"	0	0	0	0	0	1	0	0	0	1	1	1
"DNM3"	0	0	0	0	1	0	0	0	0	1	1	1
"DOCK11"	1	0	0	0	0	0	0	0	0	1	1	1
"DOCK2"	0	0	0	0	1	0	0	0	0	1	1	1
"DOCK6"	0	0	0	0	1	0	0	0	0	1	1	1
"DOK2"	0	0	0	0	1	0	0	0	0	1	1	1
"DOK3"	0	0	0	0	1	0	0	0	0	1	1	1
"DOPEY1"	0	0	0	0	0	1	0	0	0	1	1	1
"DPCR1"	0	0	0	0	1	0	0	0	0	1	1	1
"DPEP1"	0	0	0	0	1	0	0	0	0	1	1	1
"DPM1"	0	0	0	0	1	0	0	0	0	1	1	1
"DPP10"	0	0	0	0	0	0	0	1	0	1	1	1
"DPP8"	0	0	0	0	0	0	0	1	0	1	1	1
"DPY19L4"	0	0	0	0	1	0	0	0	0	1	1	1
"DRGX"	0	0	0	0	1	0	0	0	0	1	1	1
"DSCAML1"	0	0	0	0	1	0	0	0	0	1	1	1
"DSG4"	0	0	0	0	1	0	0	0	0	1	1	1
"DTX1"	0	0	0	0	1	0	0	0	0	1	1	1
"DUOX1"	0	0	0	0	1	0	0	0	0	1	1	1
"DUSP19"	0	0	0	0	1	0	0	0	0	1	1	1
"DUSP9"	0	0	0	0	1	0	0	0	0	1	1	1
"DYDC1"	0	0	0	0	1	0	0	0	0	1	1	1
"DYNC1I1"	0	0	0	0	1	0	0	0	0	1	1	1
"DYNC1LI1"	0	0	0	0	1	0	0	0	0	1	1	1
"DYSF"	0	0	0	0	1	0	0	0	0	1	1	1
"DZANK1"	0	0	0	0	1	0	0	0	0	1	1	1
"E2F1"	0	0	0	0	1	0	0	0	0	1	1	1
"ECM1"	0	0	0	0	1	0	0	0	0	1	1	1
"ECSIT"	0	0	0	0	1	0	0	0	0	1	1	1
"EDA"	0	0	0	0	1	0	0	0	0	1	1	1
"EDAR"	0	0	0	0	1	0	0	0	0	1	1	1
"EDC4"	0	0	0	0	1	0	0	0	0	1	1	1
"EED"	0	0	0	0	1	0	0	0	0	1	1	1
"EEF2"	0	0	0	0	1	0	0	0	0	1	1	1
"EEPD1"	0	0	0	0	1	0	0	0	0	1	1	1
"EFCAB14"	0	0	0	0	1	0	0	0	0	1	1	1
"EFCAB3"	0	0	0	0	0	0	0	0	1	1	1	1
"EFCAB5"	0	0	0	0	0	1	0	0	0	1	1	1
"EFHC1"	0	0	0	0	1	0	0	0	0	1	1	1
"EFNB1"	0	0	0	0	1	0	0	0	0	1	1	1
"EGFLAM"	0	0	0	0	1	0	0	0	0	1	1	1
"EGLN1"	0	0	0	0	1	0	0	0	0	1	1	1
"EHBP1"	0	0	0	0	1	0	0	0	0	1	1	1
"EIF2B1"	0	0	0	0	1	0	0	0	0	1	1	1
"EIF4A1"	0	0	0	0	1	0	0	0	0	1	1	1
"EIF4A2"	0	0	0	0	1	0	0	0	0	1	1	1
"EIF4A3"	0	0	0	0	1	0	0	0	0	1	1	1
"ELFN2"	0	0	0	0	1	0	0	0	0	1	1	1
"ELL"	0	0	0	0	1	0	0	0	0	1	1	1
"ELMO1"	0	0	0	0	1	0	0	0	0	1	1	1
"ELOVL3"	0	0	0	0	1	0	0	0	0	1	1	1
"ELP2"	0	0	0	0	1	0	0	0	0	1	1	1
"ELP5"	0	0	0	0	1	0	0	0	0	1	1	1
"ELP6"	0	0	0	0	1	0	0	0	0	1	1	1
"EMILIN2"	0	0	0	0	1	0	0	0	0	1	1	1
"ENAM"	0	0	0	0	1	0	0	0	0	1	1	1
"ENG"	0	0	0	0	1	0	0	0	0	1	1	1
"ENTHD1"	0	0	0	0	1	0	0	0	0	1	1	1
"EP300"	0	1	0	0	0	0	0	0	0	1	1	1
"EPC1"	0	0	0	0	0	1	0	0	0	1	1	1
"EPC2"	0	0	0	0	0	1	0	0	0	1	1	1
"EPG5"	0	0	0	0	0	1	0	0	0	1	1	1
"EPHA10"	0	0	0	0	1	0	0	0	0	1	1	1
"EPHA5"	0	0	0	0	1	0	0	0	0	1	1	1
"EPS15"	0	0	0	0	1	0	0	0	0	1	1	1
"EPS15L1"	0	0	0	0	1	0	0	0	0	1	1	1
"EPS8L3"	0	0	0	0	1	0	0	0	0	1	1	1
"ERBB2"	0	0	0	0	1	0	0	0	0	1	1	1
"ERCC3"	0	0	0	0	1	0	0	0	0	1	1	1
"ERF"	0	0	0	0	1	0	0	0	0	1	1	1
"ERICH2"	0	0	0	0	1	0	0	0	0	1	1	1
"ERN1"	0	0	0	0	1	0	0	0	0	1	1	1
"ERVMER34-1"	0	0	0	0	1	0	0	0	0	1	1	1
"ERVV-1"	0	0	0	0	1	0	0	0	0	1	1	1
"ESR1"	0	0	0	0	1	0	0	0	0	1	1	1
"ESRP1"	0	0	0	0	1	0	0	0	0	1	1	1
"ESRP2"	0	0	0	0	1	0	0	0	0	1	1	1
"ESRRG"	0	0	0	0	1	0	0	0	0	1	1	1
"ESYT1"	0	0	0	0	1	0	0	0	0	1	1	1
"ETFDH"	0	0	0	0	1	0	0	0	0	1	1	1
"EVI2B"	0	0	0	0	1	0	0	0	0	1	1	1
"EVX1"	0	0	0	0	1	0	0	0	0	1	1	1
"EWSR1"	0	0	0	0	1	0	0	0	0	1	1	1
"EXOC3"	0	0	0	0	1	0	0	0	0	1	1	1
"EXOC4"	0	0	0	0	1	0	0	0	0	1	1	1
"EXOG"	0	0	0	0	1	0	0	0	0	1	1	1
"EXOSC4"	0	0	0	0	1	0	0	0	0	1	1	1
"EXT2"	0	0	0	0	1	0	0	0	0	1	1	1
"EYA2"	0	0	0	0	1	0	0	0	0	1	1	1
"EYA4"	0	0	0	0	0	0	0	1	0	1	1	1
"EZR"	0	0	0	0	1	0	0	0	0	1	1	1
"F8"	0	0	0	0	0	1	0	0	0	1	1	1
"FA2H"	0	0	0	0	1	0	0	0	0	1	1	1
"FABP4"	0	0	0	0	1	0	0	0	0	1	1	1
"FADS1"	0	0	0	0	1	0	0	0	0	1	1	1
"FAF2"	0	0	0	0	1	0	0	0	0	1	1	1
"FAHD2B"	0	0	0	0	0	1	0	0	0	1	1	1
"FAIM3"	1	0	0	0	0	0	0	0	0	1	1	1
"FAM107B"	0	0	0	0	1	0	0	0	0	1	1	1
"FAM111A"	0	0	0	0	1	0	0	0	0	1	1	1
"FAM114A2"	0	0	0	0	1	0	0	0	0	1	1	1
"FAM117B"	0	0	0	0	1	0	0	0	0	1	1	1
"FAM120A"	0	0	0	0	1	0	0	0	0	1	1	1
"FAM120C"	0	0	0	0	1	0	0	0	0	1	1	1
"FAM129C"	0	0	0	0	1	0	0	0	0	1	1	1
"FAM13A"	0	0	0	0	1	0	0	0	0	1	1	1
"FAM149B1"	0	0	0	0	1	0	0	0	0	1	1	1
"FAM150B"	0	0	0	0	1	0	0	0	0	1	1	1
"FAM151A"	0	0	0	0	1	0	0	0	0	1	1	1
"FAM167A"	0	0	0	0	1	0	0	0	0	1	1	1
"FAM171A1"	0	0	0	0	1	0	0	0	0	1	1	1
"FAM171B"	0	0	0	0	1	0	0	0	0	1	1	1
"FAM175A"	0	0	0	0	1	0	0	0	0	1	1	1
"FAM179B"	0	0	0	0	1	0	0	0	0	1	1	1
"FAM182B"	0	0	0	0	1	0	0	0	0	1	1	1
"FAM189B"	0	0	0	0	1	0	0	0	0	1	1	1
"FAM208A"	0	0	0	0	1	0	0	0	0	1	1	1
"FAM212A"	0	0	0	0	1	0	0	0	0	1	1	1
"FAM217B"	0	0	0	0	1	0	0	0	0	1	1	1
"FAM229B"	0	0	0	0	1	0	0	0	0	1	1	1
"FAM47A"	0	0	0	0	1	0	0	0	0	1	1	1
"FAM69C"	0	0	0	0	1	0	0	0	0	1	1	1
"FAM71A"	0	0	0	0	1	0	0	0	0	1	1	1
"FAM71B"	0	0	0	0	0	1	0	0	0	1	1	1
"FAM84A"	0	0	0	0	1	0	0	0	0	1	1	1
"FAM86B1"	0	0	0	0	1	0	0	0	0	1	1	1
"FAM98B"	0	0	0	0	1	0	0	0	0	1	1	1
"FANCB"	0	0	0	0	0	1	0	0	0	1	1	1
"FANCC"	0	0	0	0	1	0	0	0	0	1	1	1
"FANCD2"	0	0	0	0	1	0	0	0	0	1	1	1
"FAP"	0	0	0	0	1	0	0	0	0	1	1	1
"FARS2"	0	0	0	0	1	0	0	0	0	1	1	1
"FASLG"	0	0	0	0	1	0	0	0	0	1	1	1
"FAXC"	0	0	0	0	1	0	0	0	0	1	1	1
"FBXL13"	0	0	0	0	1	0	0	0	0	1	1	1
"FBXO11"	0	0	0	0	1	0	0	0	0	1	1	1
"FBXO38"	0	0	0	0	1	0	0	0	0	1	1	1
"FBXO4"	0	0	0	0	0	1	0	0	0	1	1	1
"FBXO9"	0	0	0	0	1	0	0	0	0	1	1	1
"FCHO2"	0	0	0	0	0	1	0	0	0	1	1	1
"FCHSD1"	0	0	0	0	0	1	0	0	0	1	1	1
"FCRL4"	0	0	0	0	1	0	0	0	0	1	1	1
"FER1L5"	0	0	0	0	1	0	0	0	0	1	1	1
"FGD2"	0	0	0	0	1	0	0	0	0	1	1	1
"FGFR1"	0	0	0	0	1	0	0	0	0	1	1	1
"FGFR2"	0	0	0	0	1	0	0	0	0	1	1	1
"FHAD1"	0	0	0	0	1	0	0	0	0	1	1	1
"FHL1"	0	0	0	0	1	0	0	0	0	1	1	1
"FHL5"	0	0	0	0	1	0	0	0	0	1	1	1
"FIBIN"	0	0	0	0	1	0	0	0	0	1	1	1
"FIGN"	0	0	0	0	1	0	0	0	0	1	1	1
"FILIP1"	0	0	0	0	1	0	0	0	0	1	1	1
"FKBP15"	0	0	1	0	0	0	0	0	0	1	1	1
"FLAD1"	0	0	0	0	1	0	0	0	0	1	1	1
"FLG"	0	0	0	0	1	0	0	0	0	1	1	1
"FLNA"	0	0	0	0	1	0	0	0	0	1	1	1
"FLNB"	0	0	0	0	1	0	0	0	0	1	1	1
"FLNC"	0	0	0	0	1	0	0	0	0	1	1	1
"FLRT3"	0	0	0	0	0	1	0	0	0	1	1	1
"FMN2"	0	0	0	0	1	0	0	0	0	1	1	1
"FMNL3"	0	0	0	0	1	0	0	0	0	1	1	1
"FNBP4"	0	0	0	0	1	0	0	0	0	1	1	1
"FNDC1"	0	0	0	0	1	0	0	0	0	1	1	1
"FOSL1"	0	0	0	0	1	0	0	0	0	1	1	1
"FOXI2"	0	0	0	0	1	0	0	0	0	1	1	1
"FOXO4"	0	0	0	0	1	0	0	0	0	1	1	1
"FOXP4"	0	0	0	0	0	1	0	0	0	1	1	1
"FPGS"	0	0	0	0	1	0	0	0	0	1	1	1
"FPGT-TNNI3K"	0	0	0	0	1	0	0	0	0	1	1	1
"FREM1"	0	0	0	0	1	0	0	0	0	1	1	1
"FRG2C"	0	0	0	0	1	0	0	0	0	1	1	1
"FRMD4A"	0	0	0	0	1	0	0	0	0	1	1	1
"FRMD5"	0	0	0	0	1	0	0	0	0	1	1	1
"FRMD6"	0	0	0	0	1	0	0	0	0	1	1	1
"FRMD7"	0	0	0	0	1	0	0	0	0	1	1	1
"FRMPD3"	0	0	0	0	0	1	0	0	0	1	1	1
"FRY"	1	0	0	0	0	0	0	0	0	1	1	1
"FSCN2"	0	0	0	0	1	0	0	0	0	1	1	1
"FSTL5"	0	0	0	0	1	0	0	0	0	1	1	1
"FTO"	0	0	0	0	1	0	0	0	0	1	1	1
"FTSJ3"	0	0	0	0	1	0	0	0	0	1	1	1
"FUBP1"	0	0	0	0	1	0	0	0	0	1	1	1
"FUCA1"	0	0	0	0	1	0	0	0	0	1	1	1
"FURIN"	0	0	0	0	1	0	0	0	0	1	1	1
"FZD2"	0	0	0	0	1	0	0	0	0	1	1	1
"FZD5"	0	0	0	0	1	0	0	0	0	1	1	1
"GAB1"	0	0	0	0	1	0	0	0	0	1	1	1
"GABBR2"	0	0	0	0	0	1	0	0	0	1	1	1
"GABPB1"	0	0	0	0	0	1	0	0	0	1	1	1
"GABRA6"	0	0	0	0	1	0	0	0	0	1	1	1
"GAD1"	1	0	0	0	0	0	0	0	0	1	1	1
"GAD2"	0	0	0	0	0	1	0	0	0	1	1	1
"GAGE10"	0	0	0	0	1	0	0	0	0	1	1	1
"GALNT10"	0	0	0	0	1	0	0	0	0	1	1	1
"GALNT11"	0	0	0	0	1	0	0	0	0	1	1	1
"GALNT14"	0	0	0	0	1	0	0	0	0	1	1	1
"GALNT5"	0	0	0	0	1	0	0	0	0	1	1	1
"GALNTL5"	0	0	0	0	1	0	0	0	0	1	1	1
"GALR1"	0	0	0	0	0	1	0	0	0	1	1	1
"GANC"	0	0	0	0	1	0	0	0	0	1	1	1
"GAPT"	0	0	0	0	1	0	0	0	0	1	1	1
"GAREM"	0	0	0	0	1	0	0	0	0	1	1	1
"GAS2"	0	0	0	0	1	0	0	0	0	1	1	1
"GAS2L1"	0	0	0	0	1	0	0	0	0	1	1	1
"GAS7"	0	0	0	0	1	0	0	0	0	1	1	1
"GATA2"	0	0	0	0	1	0	0	0	0	1	1	1
"GBP3"	0	0	0	0	1	0	0	0	0	1	1	1
"GBP4"	0	0	0	0	1	0	0	0	0	1	1	1
"GCC2"	0	0	0	0	1	0	0	0	0	1	1	1
"GDF10"	0	0	0	0	1	0	0	0	0	1	1	1
"GDF11"	0	0	0	0	1	0	0	0	0	1	1	1
"GDF9"	0	0	0	0	1	0	0	0	0	1	1	1
"GDPD1"	0	0	0	0	1	0	0	0	0	1	1	1
"GDPD5"	0	0	0	0	1	0	0	0	0	1	1	1
"GDPGP1"	0	0	0	0	1	0	0	0	0	1	1	1
"GFM2"	0	0	0	0	1	0	0	0	0	1	1	1
"GGH"	0	0	0	0	1	0	0	0	0	1	1	1
"GGT5"	0	0	0	0	1	0	0	0	0	1	1	1
"GIMAP2"	0	0	0	0	1	0	0	0	0	1	1	1
"GINS3"	0	0	0	0	1	0	0	0	0	1	1	1
"GINS4"	0	0	0	0	1	0	0	0	0	1	1	1
"GIPC2"	0	0	0	0	0	0	0	1	0	1	1	1
"GJA4"	0	0	0	0	1	0	0	0	0	1	1	1
"GJB2"	0	0	0	0	1	0	0	0	0	1	1	1
"GLRB"	0	0	0	0	1	0	0	0	0	1	1	1
"GNAI2"	0	0	0	0	1	0	0	0	0	1	1	1
"GNL1"	0	0	0	0	1	0	0	0	0	1	1	1
"GNPTAB"	0	0	0	0	1	0	0	0	0	1	1	1
"GOLGA3"	0	0	0	0	1	0	0	0	0	1	1	1
"GOLGB1"	0	0	0	0	0	1	0	0	0	1	1	1
"GORAB"	0	0	0	0	1	0	0	0	0	1	1	1
"GPC5"	0	0	0	0	1	0	0	0	0	1	1	1
"GPR108"	0	0	0	0	0	1	0	0	0	1	1	1
"GPR143"	0	0	0	0	1	0	0	0	0	1	1	1
"GPR179"	0	0	0	0	1	0	0	0	0	1	1	1
"GPR32"	0	0	0	0	1	0	0	0	0	1	1	1
"GPRASP1"	0	0	0	0	1	0	0	0	0	1	1	1
"GPX8"	0	0	0	0	1	0	0	0	0	1	1	1
"GRAMD1A"	0	0	0	0	1	0	0	0	0	1	1	1
"GRB14"	0	0	0	0	1	0	0	0	0	1	1	1
"GRIA1"	1	0	0	0	0	0	0	0	0	1	1	1
"GRIA3"	0	0	0	0	1	0	0	0	0	1	1	1
"GRID2IP"	0	0	0	0	1	0	0	0	0	1	1	1
"GRIK1"	0	0	0	0	1	0	0	0	0	1	1	1
"GRIK3"	0	0	0	0	1	0	0	0	0	1	1	1
"GRIN2B"	0	0	0	0	1	0	0	0	0	1	1	1
"GRIN3B"	0	0	0	0	1	0	0	0	0	1	1	1
"GRM1"	0	0	0	0	1	0	0	0	0	1	1	1
"GRM8"	0	0	0	0	1	0	0	0	0	1	1	1
"GRPEL2"	1	0	0	0	0	0	0	0	0	1	1	1
"GTF2H3"	0	0	0	0	1	0	0	0	0	1	1	1
"GTF2IRD1"	0	0	0	0	0	0	0	1	0	1	1	1
"GTF3C3"	0	0	0	0	0	1	0	0	0	1	1	1
"GTSF1L"	0	0	0	0	0	1	0	0	0	1	1	1
"GUF1"	0	0	0	0	1	0	0	0	0	1	1	1
"GYG1"	0	0	0	0	0	1	0	0	0	1	1	1
"GYG2"	0	0	0	0	1	0	0	0	0	1	1	1
"GYPE"	0	0	0	0	1	0	0	0	0	1	1	1
"GYS2"	0	0	0	0	1	0	0	0	0	1	1	1
"GZMH"	0	0	0	0	1	0	0	0	0	1	1	1
"H2AFZ"	0	0	0	0	1	0	0	0	0	1	1	1
"H2BFWT"	0	0	0	0	0	1	0	0	0	1	1	1
"HACL1"	0	0	0	0	1	0	0	0	0	1	1	1
"HAS2"	0	0	0	0	1	0	0	0	0	1	1	1
"HAUS4"	0	0	0	0	1	0	0	0	0	1	1	1
"HAX1"	0	0	0	0	1	0	0	0	0	1	1	1
"HBP1"	0	0	0	0	1	0	0	0	0	1	1	1
"HCFC1"	0	0	0	0	0	0	0	1	0	1	1	1
"HCFC1R1"	0	0	0	0	1	0	0	0	0	1	1	1
"HCFC2"	0	0	0	0	1	0	0	0	0	1	1	1
"HCRTR1"	0	0	0	0	1	0	0	0	0	1	1	1
"HDAC4"	0	0	0	0	1	0	0	0	0	1	1	1
"HDX"	0	0	0	0	1	0	0	0	0	1	1	1
"HEATR4"	1	0	0	0	0	0	0	0	0	1	1	1
"HEATR5A"	0	0	0	0	1	0	0	0	0	1	1	1
"HEATR5B"	0	0	0	0	1	0	0	0	0	1	1	1
"HEATR9"	0	0	0	0	1	0	0	0	0	1	1	1
"HECTD4"	0	0	0	0	1	0	0	0	0	1	1	1
"HECW2"	0	0	0	0	1	0	0	0	0	1	1	1
"HELT"	0	0	0	0	1	0	0	0	0	1	1	1
"HELZ"	0	0	0	0	0	0	0	1	0	1	1	1
"HEPHL1"	0	0	0	0	1	0	0	0	0	1	1	1
"HERC1"	0	0	0	0	0	1	0	0	0	1	1	1
"HERC5"	0	0	0	0	0	1	0	0	0	1	1	1
"HEYL"	0	0	0	0	0	1	0	0	0	1	1	1
"HGSNAT"	0	0	0	0	1	0	0	0	0	1	1	1
"HHLA2"	0	0	0	0	1	0	0	0	0	1	1	1
"HIBADH"	0	0	0	0	1	0	0	0	0	1	1	1
"HIF3A"	0	0	0	0	1	0	0	0	0	1	1	1
"HIPK1"	0	0	0	0	1	0	0	0	0	1	1	1
"HIPK4"	0	0	0	0	1	0	0	0	0	1	1	1
"HIST1H1C"	0	0	0	0	1	0	0	0	0	1	1	1
"HIST1H2AD"	0	0	0	0	1	0	0	0	0	1	1	1
"HIST1H2AK"	0	1	0	0	0	0	0	0	0	1	1	1
"HIST1H2AL"	0	0	0	0	1	0	0	0	0	1	1	1
"HIST1H2BC"	0	0	0	0	1	0	0	0	0	1	1	1
"HIST1H2BH"	0	0	0	0	1	0	0	0	0	1	1	1
"HIST1H2BK"	0	0	0	0	1	0	0	0	0	1	1	1
"HIST1H2BL"	0	0	0	0	1	0	0	0	0	1	1	1
"HIST2H3D"	0	0	0	0	0	1	0	0	0	1	1	1
"HIVEP1"	0	0	0	0	0	1	0	0	0	1	1	1
"HKDC1"	0	0	0	0	1	0	0	0	0	1	1	1
"HLF"	0	0	0	0	1	0	0	0	0	1	1	1
"HMG20B"	0	0	0	0	1	0	0	0	0	1	1	1
"HMGB2"	0	0	0	0	1	0	0	0	0	1	1	1
"HMGCS1"	0	0	0	0	1	0	0	0	0	1	1	1
"HMHA1"	0	0	0	0	0	1	0	0	0	1	1	1
"HMOX1"	0	0	0	0	1	0	0	0	0	1	1	1
"HNRNPA1"	0	0	0	0	1	0	0	0	0	1	1	1
"HNRNPA3"	0	0	0	0	0	1	0	0	0	1	1	1
"HNRNPDL"	0	0	0	0	1	0	0	0	0	1	1	1
"HNRNPUL2"	0	0	0	0	1	0	0	0	0	1	1	1
"HOOK1"	0	0	0	0	1	0	0	0	0	1	1	1
"HOOK3"	0	0	0	0	1	0	0	0	0	1	1	1
"HOXB6"	0	0	0	0	0	1	0	0	0	1	1	1
"HOXB9"	0	0	0	0	1	0	0	0	0	1	1	1
"HOXC13"	0	0	0	0	0	0	0	0	1	1	1	1
"HPS3"	0	0	0	0	1	0	0	0	0	1	1	1
"HPS4"	0	0	0	0	0	1	0	0	0	1	1	1
"HRNR"	0	0	0	0	1	0	0	0	0	1	1	1
"HS3ST3A1"	0	0	0	0	1	0	0	0	0	1	1	1
"HS6ST2"	0	0	0	0	1	0	0	0	0	1	1	1
"HSF2"	0	0	0	0	0	1	0	0	0	1	1	1
"HSP90AA1"	0	1	0	0	0	0	0	0	0	1	1	1
"HSP90B1"	0	0	0	0	0	0	0	1	0	1	1	1
"HSPBAP1"	0	0	0	0	1	0	0	0	0	1	1	1
"HTR3E"	0	0	0	0	1	0	0	0	0	1	1	1
"HTR5A"	0	0	0	0	1	0	0	0	0	1	1	1
"HTT"	0	0	0	0	1	0	0	0	0	1	1	1
"HYOU1"	0	0	0	0	1	0	0	0	0	1	1	1
"ICE1"	0	0	0	0	1	0	0	0	0	1	1	1
"ICK"	0	0	0	0	1	0	0	0	0	1	1	1
"ID2"	0	0	0	0	1	0	0	0	0	1	1	1
"IDE"	0	0	0	0	1	0	0	0	0	1	1	1
"IFFO1"	0	0	0	0	1	0	0	0	0	1	1	1
"IFIH1"	0	0	0	0	1	0	0	0	0	1	1	1
"IFIT3"	0	0	0	0	0	1	0	0	0	1	1	1
"IFNA13"	0	0	0	0	1	0	0	0	0	1	1	1
"IFNAR2"	0	0	0	0	1	0	0	0	0	1	1	1
"IFNGR1"	0	0	0	0	0	1	0	0	0	1	1	1
"IFT140"	0	0	0	0	1	0	0	0	0	1	1	1
"IFT52"	0	0	0	0	1	0	0	0	0	1	1	1
"IGDCC3"	0	0	0	0	1	0	0	0	0	1	1	1
"IGF1R"	0	0	0	0	1	0	0	0	0	1	1	1
"IGFN1"	0	0	0	0	1	0	0	0	0	1	1	1
"IGHV1-24"	0	0	0	0	1	0	0	0	0	1	1	1
"IGKV1D-16"	0	0	0	0	1	0	0	0	0	1	1	1
"IGLV3-12"	0	0	0	0	1	0	0	0	0	1	1	1
"IGSF10"	0	0	0	0	1	0	0	0	0	1	1	1
"IGSF9B"	0	0	0	0	1	0	0	0	0	1	1	1
"IKZF2"	0	0	0	0	1	0	0	0	0	1	1	1
"IKZF3"	0	0	0	0	0	1	0	0	0	1	1	1
"IKZF5"	0	0	0	0	1	0	0	0	0	1	1	1
"IL10RB"	0	0	0	0	1	0	0	0	0	1	1	1
"IL1F10"	0	0	0	0	1	0	0	0	0	1	1	1
"IL1RAP"	0	0	0	0	1	0	0	0	0	1	1	1
"IL22RA1"	0	0	0	0	1	0	0	0	0	1	1	1
"IL5RA"	0	0	0	0	1	0	0	0	0	1	1	1
"ILDR1"	0	0	0	0	1	0	0	0	0	1	1	1
"ILDR2"	0	0	0	0	1	0	0	0	0	1	1	1
"ILKAP"	1	0	0	0	0	0	0	0	0	1	1	1
"IMMT"	0	0	0	0	1	0	0	0	0	1	1	1
"INCENP"	0	0	0	0	1	0	0	0	0	1	1	1
"INPP4A"	0	0	0	0	1	0	0	0	0	1	1	1
"INPP5F"	1	0	0	0	0	0	0	0	0	1	1	1
"INTS1"	0	0	0	0	1	0	0	0	0	1	1	1
"INTS5"	0	0	0	0	1	0	0	0	0	1	1	1
"INTS6"	0	0	0	0	1	0	0	0	0	1	1	1
"INTS7"	0	0	0	0	1	0	0	0	0	1	1	1
"IP6K3"	0	0	0	0	1	0	0	0	0	1	1	1
"IPP"	1	0	0	0	0	0	0	0	0	1	1	1
"IQCB1"	0	0	0	0	1	0	0	0	0	1	1	1
"IQCF1"	0	0	0	0	1	0	0	0	0	1	1	1
"IQGAP3"	0	0	0	0	1	0	0	0	0	1	1	1
"IQSEC1"	0	0	0	0	1	0	0	0	0	1	1	1
"IQSEC2"	0	0	0	0	1	0	0	0	0	1	1	1
"IRX2"	0	0	0	0	1	0	0	0	0	1	1	1
"ITGA11"	0	0	0	0	0	0	0	1	0	1	1	1
"ITGA8"	0	0	0	0	1	0	0	0	0	1	1	1
"ITIH5"	0	0	0	0	1	0	0	0	0	1	1	1
"ITPK1"	0	0	0	0	1	0	0	0	0	1	1	1
"ITPKB"	0	0	0	0	1	0	0	0	0	1	1	1
"ITPR2"	0	0	0	0	1	0	0	0	0	1	1	1
"ITPR3"	0	0	0	0	1	0	0	0	0	1	1	1
"IWS1"	0	0	0	0	0	1	0	0	0	1	1	1
"IYD"	1	0	0	0	0	0	0	0	0	1	1	1
"JADE1"	0	0	0	0	1	0	0	0	0	1	1	1
"JAK2"	0	0	0	0	1	0	0	0	0	1	1	1
"JAKMIP2"	0	0	0	0	1	0	0	0	0	1	1	1
"JAKMIP3"	0	0	0	0	1	0	0	0	0	1	1	1
"KALRN"	0	0	0	0	1	0	0	0	0	1	1	1
"KANK3"	0	0	0	0	1	0	0	0	0	1	1	1
"KANSL2"	0	0	0	0	1	0	0	0	0	1	1	1
"KAT2B"	0	0	0	0	0	0	0	1	0	1	1	1
"KATNA1"	0	0	0	0	1	0	0	0	0	1	1	1
"KBTBD4"	0	0	0	0	0	1	0	0	0	1	1	1
"KCNA10"	0	0	0	0	1	0	0	0	0	1	1	1
"KCNA4"	0	0	0	0	1	0	0	0	0	1	1	1
"KCNA5"	0	0	0	0	1	0	0	0	0	1	1	1
"KCNAB1"	0	0	0	0	1	0	0	0	0	1	1	1
"KCND2"	0	0	0	0	1	0	0	0	0	1	1	1
"KCND3"	0	0	0	0	1	0	0	0	0	1	1	1
"KCNG1"	0	0	0	0	1	0	0	0	0	1	1	1
"KCNH5"	0	0	0	0	1	0	0	0	0	1	1	1
"KCNH6"	0	0	0	0	1	0	0	0	0	1	1	1
"KCNJ14"	0	0	0	0	1	0	0	0	0	1	1	1
"KCNJ16"	0	0	0	0	1	0	0	0	0	1	1	1
"KCNJ4"	0	0	0	0	1	0	0	0	0	1	1	1
"KCNJ9"	0	0	0	0	1	0	0	0	0	1	1	1
"KCNK1"	0	0	0	0	1	0	0	0	0	1	1	1
"KCNK16"	0	1	0	0	0	0	0	0	0	1	1	1
"KCNQ5"	0	0	0	0	0	1	0	0	0	1	1	1
"KCNT2"	0	0	0	0	1	0	0	0	0	1	1	1
"KCNU1"	0	0	0	0	1	0	0	0	0	1	1	1
"KCTD3"	0	0	0	0	1	0	0	0	0	1	1	1
"KDELR3"	0	0	0	0	1	0	0	0	0	1	1	1
"KDM6A"	0	0	0	0	1	0	0	0	0	1	1	1
"KERA"	0	0	0	0	0	1	0	0	0	1	1	1
"KHDRBS3"	0	0	0	0	0	1	0	0	0	1	1	1
"KIAA1107"	0	0	0	0	0	1	0	0	0	1	1	1
"KIAA1109"	0	0	0	0	1	0	0	0	0	1	1	1
"KIAA1161"	0	0	0	0	1	0	0	0	0	1	1	1
"KIAA1328"	0	0	0	0	1	0	0	0	0	1	1	1
"KIAA1456"	0	0	0	0	1	0	0	0	0	1	1	1
"KIAA1462"	0	0	0	0	1	0	0	0	0	1	1	1
"KIAA1522"	0	0	0	0	1	0	0	0	0	1	1	1
"KIAA1549"	0	0	0	0	1	0	0	0	0	1	1	1
"KIAA2012"	0	0	0	0	1	0	0	0	0	1	1	1
"KIAA2018"	0	0	0	1	0	0	0	0	0	1	1	1
"KIAA2022"	0	0	0	0	1	0	0	0	0	1	1	1
"KIDINS220"	0	0	0	0	1	0	0	0	0	1	1	1
"KIF11"	0	0	0	0	1	0	0	0	0	1	1	1
"KIF16B"	0	0	0	0	0	0	0	1	0	1	1	1
"KIF1C"	0	0	0	0	1	0	0	0	0	1	1	1
"KIF21B"	0	0	0	0	1	0	0	0	0	1	1	1
"KIF26B"	0	0	0	0	1	0	0	0	0	1	1	1
"KIF2A"	0	0	0	0	1	0	0	0	0	1	1	1
"KIF5C"	0	0	0	0	1	0	0	0	0	1	1	1
"KIFAP3"	0	0	0	0	1	0	0	0	0	1	1	1
"KIR2DL3"	0	0	0	0	1	0	0	0	0	1	1	1
"KIRREL"	0	0	0	0	1	0	0	0	0	1	1	1
"KIRREL2"	0	0	0	0	1	0	0	0	0	1	1	1
"KITLG"	0	0	0	0	1	0	0	0	0	1	1	1
"KLHDC9"	0	0	0	0	0	0	0	1	0	1	1	1
"KLHL15"	0	0	0	0	0	1	0	0	0	1	1	1
"KLHL3"	0	0	0	0	0	1	0	0	0	1	1	1
"KLHL31"	0	0	0	0	1	0	0	0	0	1	1	1
"KLHL32"	0	0	0	0	1	0	0	0	0	1	1	1
"KLK15"	0	0	0	0	1	0	0	0	0	1	1	1
"KLKB1"	0	0	0	0	1	0	0	0	0	1	1	1
"KMT2A"	0	0	0	0	1	0	0	0	0	1	1	1
"KNG1"	0	0	0	0	1	0	0	0	0	1	1	1
"KPNA3"	0	0	0	0	1	0	0	0	0	1	1	1
"KPNA5"	0	0	0	0	1	0	0	0	0	1	1	1
"KPNA7"	0	0	0	0	1	0	0	0	0	1	1	1
"KRBOX4"	0	0	0	0	1	0	0	0	0	1	1	1
"KRT1"	0	0	0	0	1	0	0	0	0	1	1	1
"KRT28"	0	0	0	0	1	0	0	0	0	1	1	1
"KRT3"	0	0	0	0	1	0	0	0	0	1	1	1
"KRT33A"	0	0	0	0	1	0	0	0	0	1	1	1
"KRT36"	0	0	0	0	1	0	0	0	0	1	1	1
"KRT6B"	0	0	0	0	1	0	0	0	0	1	1	1
"KRT6C"	0	0	0	0	1	0	0	0	0	1	1	1
"KRT79"	0	0	0	0	1	0	0	0	0	1	1	1
"KRT84"	0	0	0	0	1	0	0	0	0	1	1	1
"KRT86"	0	0	0	0	1	0	0	0	0	1	1	1
"KRTAP1-1"	0	0	0	0	1	0	0	0	0	1	1	1
"KRTAP10-7"	0	0	0	0	1	0	0	0	0	1	1	1
"KRTAP27-1"	0	0	0	0	1	0	0	0	0	1	1	1
"KSR1"	0	0	0	0	1	0	0	0	0	1	1	1
"KSR2"	0	0	0	0	1	0	0	0	0	1	1	1
"L1CAM"	0	0	0	0	1	0	0	0	0	1	1	1
"L3MBTL4"	0	0	0	0	1	0	0	0	0	1	1	1
"LAMA1"	0	0	0	0	1	0	0	0	0	1	1	1
"LAMA2"	0	0	0	1	0	0	0	0	0	1	1	1
"LAMA3"	0	0	0	0	1	0	0	0	0	1	1	1
"LAMB3"	0	0	0	0	1	0	0	0	0	1	1	1
"LAMC2"	0	0	0	0	1	0	0	0	0	1	1	1
"LARGE"	0	0	0	0	1	0	0	0	0	1	1	1
"LARP1"	0	0	0	0	1	0	0	0	0	1	1	1
"LAS1L"	0	0	0	0	1	0	0	0	0	1	1	1
"LATS2"	0	0	0	0	1	0	0	0	0	1	1	1
"LBX1"	0	0	0	0	1	0	0	0	0	1	1	1
"LCE1C"	0	0	0	0	1	0	0	0	0	1	1	1
"LCK"	0	0	0	0	1	0	0	0	0	1	1	1
"LCTL"	0	0	0	0	0	1	0	0	0	1	1	1
"LGALS1"	0	0	0	0	1	0	0	0	0	1	1	1
"LGALSL"	0	0	0	0	1	0	0	0	0	1	1	1
"LIPM"	0	0	0	0	1	0	0	0	0	1	1	1
"LMNTD1"	0	0	0	0	1	0	0	0	0	1	1	1
"LMO3"	0	0	0	0	1	0	0	0	0	1	1	1
"LMTK2"	1	0	0	0	0	0	0	0	0	1	1	1
"LMTK3"	0	0	0	0	1	0	0	0	0	1	1	1
"LOXHD1"	0	0	0	0	1	0	0	0	0	1	1	1
"LPAR4"	0	1	0	0	0	0	0	0	0	1	1	1
"LPCAT3"	1	0	0	0	0	0	0	0	0	1	1	1
"LPGAT1"	0	0	0	0	1	0	0	0	0	1	1	1
"LRCH1"	0	0	0	0	1	0	0	0	0	1	1	1
"LRCH2"	1	0	0	0	0	0	0	0	0	1	1	1
"LRCH3"	0	0	0	0	1	0	0	0	0	1	1	1
"LRIG3"	0	0	0	0	1	0	0	0	0	1	1	1
"LRIT1"	0	0	0	0	1	0	0	0	0	1	1	1
"LRP5"	0	0	0	0	1	0	0	0	0	1	1	1
"LRP8"	0	0	0	0	1	0	0	0	0	1	1	1
"LRRC32"	0	0	0	0	1	0	0	0	0	1	1	1
"LRRC37A3"	0	0	0	0	1	0	0	0	0	1	1	1
"LRRC45"	0	0	0	0	0	1	0	0	0	1	1	1
"LRRC4B"	0	0	0	0	1	0	0	0	0	1	1	1
"LRRC8C"	0	0	0	0	0	1	0	0	0	1	1	1
"LRRC8E"	0	0	0	0	0	1	0	0	0	1	1	1
"LRRD1"	0	0	0	0	0	1	0	0	0	1	1	1
"LRRIQ4"	0	0	0	0	0	1	0	0	0	1	1	1
"LRRK1"	0	0	0	0	1	0	0	0	0	1	1	1
"LSG1"	0	0	0	0	1	0	0	0	0	1	1	1
"LSR"	0	0	0	0	1	0	0	0	0	1	1	1
"LTBP1"	0	0	0	0	1	0	0	0	0	1	1	1
"LTK"	0	0	0	0	1	0	0	0	0	1	1	1
"LURAP1L"	0	0	0	0	1	0	0	0	0	1	1	1
"LYN"	0	0	0	0	1	0	0	0	0	1	1	1
"LYST"	0	0	0	0	1	0	0	0	0	1	1	1
"LYZL2"	0	0	0	0	1	0	0	0	0	1	1	1
"MAB21L1"	0	0	0	0	1	0	0	0	0	1	1	1
"MACF1"	0	0	0	0	1	0	0	0	0	1	1	1
"MAGEA1"	0	0	0	0	1	0	0	0	0	1	1	1
"MAGEA10"	0	0	0	0	1	0	0	0	0	1	1	1
"MAGEE2"	0	0	0	0	1	0	0	0	0	1	1	1
"MAGI1"	0	0	0	0	0	1	0	0	0	1	1	1
"MAMDC2"	0	0	0	0	1	0	0	0	0	1	1	1
"MAN1B1"	0	0	0	0	1	0	0	0	0	1	1	1
"MAOB"	0	0	0	0	1	0	0	0	0	1	1	1
"MAP1B"	0	0	0	0	0	1	0	0	0	1	1	1
"MAP2K4"	0	0	0	0	0	1	0	0	0	1	1	1
"MAP3K10"	0	0	0	0	1	0	0	0	0	1	1	1
"MAP3K13"	0	0	0	0	1	0	0	0	0	1	1	1
"MAP3K15"	0	0	0	0	1	0	0	0	0	1	1	1
"MAP3K19"	0	0	0	0	0	1	0	0	0	1	1	1
"MAP3K4"	0	0	0	0	1	0	0	0	0	1	1	1
"MAP3K9"	0	0	0	0	1	0	0	0	0	1	1	1
"MAP7"	0	0	0	0	1	0	0	0	0	1	1	1
"MAPK15"	0	0	0	0	1	0	0	0	0	1	1	1
"MAPKAPK5"	0	0	0	0	1	0	0	0	0	1	1	1
"MAPRE3"	0	0	0	0	1	0	0	0	0	1	1	1
"MARCH7"	0	0	0	0	1	0	0	0	0	1	1	1
"MARK4"	0	0	0	0	1	0	0	0	0	1	1	1
"MASTL"	0	0	0	0	1	0	0	0	0	1	1	1
"MATN4"	0	0	0	0	1	0	0	0	0	1	1	1
"MCC"	0	0	0	0	1	0	0	0	0	1	1	1
"MCCC1"	0	1	0	0	0	0	0	0	0	1	1	1
"MCHR2"	0	0	0	0	1	0	0	0	0	1	1	1
"MCM6"	0	0	0	0	0	0	0	1	0	1	1	1
"MDH1B"	0	0	0	0	1	0	0	0	0	1	1	1
"MDM2"	0	0	0	0	1	0	0	0	0	1	1	1
"MDN1"	0	0	0	0	1	0	0	0	0	1	1	1
"MECOM"	0	0	0	0	1	0	0	0	0	1	1	1
"MED12"	0	0	0	0	1	0	0	0	0	1	1	1
"MED13L"	0	0	0	0	1	0	0	0	0	1	1	1
"MED23"	0	0	0	0	0	1	0	0	0	1	1	1
"MEGF10"	0	0	0	0	1	0	0	0	0	1	1	1
"MEGF8"	0	0	0	0	1	0	0	0	0	1	1	1
"MEI1"	0	0	0	0	1	0	0	0	0	1	1	1
"MEIS1"	0	0	0	0	1	0	0	0	0	1	1	1
"METAP1"	0	0	0	0	1	0	0	0	0	1	1	1
"METTL15"	0	0	0	0	1	0	0	0	0	1	1	1
"METTL21B"	0	0	0	0	1	0	0	0	0	1	1	1
"METTL6"	0	0	0	0	1	0	0	0	0	1	1	1
"MFI2"	0	0	0	0	1	0	0	0	0	1	1	1
"MFRP"	0	0	0	0	1	0	0	0	0	1	1	1
"MGAT2"	0	0	0	0	1	0	0	0	0	1	1	1
"MGAT3"	0	0	0	0	1	0	0	0	0	1	1	1
"MIB2"	0	0	0	0	0	0	0	1	0	1	1	1
"MICAL1"	0	0	0	0	1	0	0	0	0	1	1	1
"MICAL3"	0	0	0	0	1	0	0	0	0	1	1	1
"MICALL2"	0	0	0	0	1	0	0	0	0	1	1	1
"MID1"	0	0	0	0	0	1	0	0	0	1	1	1
"MIER1"	0	0	0	0	1	0	0	0	0	1	1	1
"MIF4GD"	0	0	0	0	1	0	0	0	0	1	1	1
"MILR1"	0	0	0	0	1	0	0	0	0	1	1	1
"MIPOL1"	0	0	0	0	1	0	0	0	0	1	1	1
"MIS12"	0	0	0	0	1	0	0	0	0	1	1	1
"MLF1"	0	0	0	0	1	0	0	0	0	1	1	1
"MLLT10"	0	0	0	0	1	0	0	0	0	1	1	1
"MMP10"	0	0	0	0	1	0	0	0	0	1	1	1
"MMS22L"	0	0	0	0	1	0	0	0	0	1	1	1
"MNS1"	0	0	0	0	1	0	0	0	0	1	1	1
"MOAP1"	0	0	0	0	0	1	0	0	0	1	1	1
"MORC1"	0	0	0	0	1	0	0	0	0	1	1	1
"MPDZ"	0	0	0	0	1	0	0	0	0	1	1	1
"MPO"	0	0	0	0	1	0	0	0	0	1	1	1
"MRFAP1"	0	0	0	0	1	0	0	0	0	1	1	1
"MRM1"	0	0	0	0	1	0	0	0	0	1	1	1
"MROH1"	0	0	0	0	1	0	0	0	0	1	1	1
"MROH9"	0	0	0	0	1	0	0	0	0	1	1	1
"MRPL35"	0	0	0	0	0	1	0	0	0	1	1	1
"MRPL46"	0	0	0	0	0	1	0	0	0	1	1	1
"MRPL53"	0	0	0	0	1	0	0	0	0	1	1	1
"MRPS18B"	0	0	0	0	1	0	0	0	0	1	1	1
"MRS2"	0	0	0	0	1	0	0	0	0	1	1	1
"MRVI1"	1	0	0	0	0	0	0	0	0	1	1	1
"MS4A15"	0	0	0	0	1	0	0	0	0	1	1	1
"MTAP"	0	0	0	0	0	0	0	1	0	1	1	1
"MTG2"	0	0	0	0	1	0	0	0	0	1	1	1
"MTHFD1"	0	0	0	0	1	0	0	0	0	1	1	1
"MTL5"	0	0	0	0	1	0	0	0	0	1	1	1
"MTM1"	0	0	0	0	1	0	0	0	0	1	1	1
"MTMR8"	0	0	0	0	1	0	0	0	0	1	1	1
"MTO1"	0	0	0	0	0	0	0	1	0	1	1	1
"MUC21"	0	0	0	0	1	0	0	0	0	1	1	1
"MVB12B"	0	0	0	0	0	1	0	0	0	1	1	1
"MXRA5"	0	0	0	0	1	0	0	0	0	1	1	1
"MYCBP2"	0	0	0	0	1	0	0	0	0	1	1	1
"MYCN"	0	0	0	0	1	0	0	0	0	1	1	1
"MYH1"	0	0	0	0	1	0	0	0	0	1	1	1
"MYH13"	0	0	0	0	1	0	0	0	0	1	1	1
"MYNN"	0	0	0	0	1	0	0	0	0	1	1	1
"MYO16"	0	0	0	0	1	0	0	0	0	1	1	1
"MYO3A"	0	0	0	0	1	0	0	0	0	1	1	1
"MYO3B"	0	0	0	0	1	0	0	0	0	1	1	1
"MYO5B"	0	0	0	0	1	0	0	0	0	1	1	1
"MYOM1"	0	0	0	0	1	0	0	0	0	1	1	1
"MYZAP"	0	0	0	0	1	0	0	0	0	1	1	1
"N4BP3"	0	0	0	0	1	0	0	0	0	1	1	1
"NABP2"	1	0	0	0	0	0	0	0	0	1	1	1
"NACAD"	0	0	0	0	1	0	0	0	0	1	1	1
"NAGA"	0	0	0	0	1	0	0	0	0	1	1	1
"NANOG"	1	0	0	0	0	0	0	0	0	1	1	1
"NARS"	0	0	0	0	1	0	0	0	0	1	1	1
"NBEAL1"	0	0	0	0	1	0	0	0	0	1	1	1
"NBEAL2"	1	0	0	0	0	0	0	0	0	1	1	1
"NCAM1"	0	0	0	0	1	0	0	0	0	1	1	1
"NCDN"	0	0	0	0	1	0	0	0	0	1	1	1
"NCKAP1"	0	0	0	0	1	0	0	0	0	1	1	1
"NCOA6"	0	0	0	0	0	1	0	0	0	1	1	1
"NDNL2"	0	0	0	0	1	0	0	0	0	1	1	1
"NDP"	0	0	0	0	0	1	0	0	0	1	1	1
"NDUFB4"	0	0	0	0	1	0	0	0	0	1	1	1
"NEDD4"	1	0	0	0	0	0	0	0	0	1	1	1
"NEIL3"	0	0	0	0	1	0	0	0	0	1	1	1
"NEK4"	0	0	0	0	1	0	0	0	0	1	1	1
"NEK5"	0	0	0	0	1	0	0	0	0	1	1	1
"NELFCD"	0	0	1	0	0	0	0	0	0	1	1	1
"NEO1"	0	0	0	0	0	0	0	1	0	1	1	1
"NEXN"	0	0	0	0	1	0	0	0	0	1	1	1
"NFATC3"	0	0	0	0	1	0	0	0	0	1	1	1
"NFATC4"	0	0	0	0	1	0	0	0	0	1	1	1
"NFE2L1"	0	0	0	0	1	0	0	0	0	1	1	1
"NFKB2"	0	0	0	0	0	1	0	0	0	1	1	1
"NHP2"	0	0	0	0	0	0	0	0	1	1	1	1
"NID1"	0	0	0	0	1	0	0	0	0	1	1	1
"NIN"	0	0	0	0	1	0	0	0	0	1	1	1
"NIP7"	0	0	0	0	1	0	0	0	0	1	1	1
"NIPA1"	0	0	0	0	1	0	0	0	0	1	1	1
"NKRF"	0	0	0	0	1	0	0	0	0	1	1	1
"NLGN3"	0	0	0	0	1	0	0	0	0	1	1	1
"NLK"	0	0	0	0	0	1	0	0	0	1	1	1
"NLN"	0	0	0	0	1	0	0	0	0	1	1	1
"NLRC3"	0	0	0	0	1	0	0	0	0	1	1	1
"NLRP1"	0	0	0	0	1	0	0	0	0	1	1	1
"NMBR"	0	0	0	0	1	0	0	0	0	1	1	1
"NME7"	0	0	0	0	1	0	0	0	0	1	1	1
"NOD1"	0	0	0	0	1	0	0	0	0	1	1	1
"NOL10"	0	0	0	0	1	0	0	0	0	1	1	1
"NOL4L"	0	0	0	0	1	0	0	0	0	1	1	1
"NOSTRIN"	0	0	0	0	1	0	0	0	0	1	1	1
"NOTCH3"	0	0	0	0	1	0	0	0	0	1	1	1
"NOTCH4"	0	0	0	0	1	0	0	0	0	1	1	1
"NOTO"	0	0	0	0	1	0	0	0	0	1	1	1
"NOTUM"	0	0	0	0	1	0	0	0	0	1	1	1
"NOV"	0	0	0	0	1	0	0	0	0	1	1	1
"NOXRED1"	0	0	0	0	1	0	0	0	0	1	1	1
"NPAS3"	0	0	0	0	1	0	0	0	0	1	1	1
"NPAS4"	0	0	0	0	1	0	0	0	0	1	1	1
"NPHP4"	0	0	0	0	1	0	0	0	0	1	1	1
"NPM3"	0	0	0	0	1	0	0	0	0	1	1	1
"NPR1"	0	0	0	0	1	0	0	0	0	1	1	1
"NR2F1"	0	0	0	0	1	0	0	0	0	1	1	1
"NR3C2"	0	0	0	0	1	0	0	0	0	1	1	1
"NR6A1"	0	0	0	0	1	0	0	0	0	1	1	1
"NRARP"	0	0	0	0	1	0	0	0	0	1	1	1
"NRIP1"	0	0	0	0	1	0	0	0	0	1	1	1
"NRL"	0	0	0	0	1	0	0	0	0	1	1	1
"NRP2"	0	0	0	0	1	0	0	0	0	1	1	1
"NRROS"	0	0	0	0	1	0	0	0	0	1	1	1
"NSD1"	0	0	0	0	1	0	0	0	0	1	1	1
"NSRP1"	0	0	0	0	1	0	0	0	0	1	1	1
"NT5DC3"	0	0	0	0	0	1	0	0	0	1	1	1
"NTSR1"	0	0	0	0	1	0	0	0	0	1	1	1
"NUDT16"	0	0	0	0	1	0	0	0	0	1	1	1
"NUFIP2"	0	0	0	0	1	0	0	0	0	1	1	1
"NUGGC"	0	0	0	0	1	0	0	0	0	1	1	1
"NUP153"	0	0	0	0	1	0	0	0	0	1	1	1
"NUP205"	0	0	0	0	0	1	0	0	0	1	1	1
"NUP62"	0	0	0	0	1	0	0	0	0	1	1	1
"NUTM1"	0	0	0	0	1	0	0	0	0	1	1	1
"NUTM2G"	0	0	0	0	1	0	0	0	0	1	1	1
"NWD2"	0	0	0	0	0	1	0	0	0	1	1	1
"NXF1"	0	0	0	0	1	0	0	0	0	1	1	1
"NXNL1"	0	0	0	0	1	0	0	0	0	1	1	1
"NXPE2"	0	0	0	0	1	0	0	0	0	1	1	1
"NXPH1"	0	1	0	0	0	0	0	0	0	1	1	1
"NYAP2"	0	0	0	0	1	0	0	0	0	1	1	1
"OBSL1"	0	0	0	0	1	0	0	0	0	1	1	1
"OFCC1"	0	0	0	0	0	1	0	0	0	1	1	1
"OFD1"	0	0	0	0	0	1	0	0	0	1	1	1
"OGT"	0	0	0	0	1	0	0	0	0	1	1	1
"OPN4"	0	0	0	0	1	0	0	0	0	1	1	1
"OR10G2"	0	0	0	0	1	0	0	0	0	1	1	1
"OR10H5"	0	0	0	0	1	0	0	0	0	1	1	1
"OR10K2"	0	0	0	0	1	0	0	0	0	1	1	1
"OR11H12"	0	0	0	0	1	0	0	0	0	1	1	1
"OR1J4"	0	0	0	0	1	0	0	0	0	1	1	1
"OR2A12"	0	0	0	0	1	0	0	0	0	1	1	1
"OR2AG1"	0	0	0	0	1	0	0	0	0	1	1	1
"OR2F1"	0	0	0	0	1	0	0	0	0	1	1	1
"OR2H2"	0	0	0	0	1	0	0	0	0	1	1	1
"OR2K2"	0	0	0	0	1	0	0	0	0	1	1	1
"OR2L8"	0	0	0	0	1	0	0	0	0	1	1	1
"OR2M7"	0	0	0	0	1	0	0	0	0	1	1	1
"OR2S2"	0	0	0	0	1	0	0	0	0	1	1	1
"OR2T1"	0	0	0	0	1	0	0	0	0	1	1	1
"OR2T27"	0	0	0	0	1	0	0	0	0	1	1	1
"OR4B1"	0	0	0	0	1	0	0	0	0	1	1	1
"OR4C46"	0	0	0	0	1	0	0	0	0	1	1	1
"OR4L1"	0	0	0	0	1	0	0	0	0	1	1	1
"OR51F2"	0	0	0	0	1	0	0	0	0	1	1	1
"OR52B2"	0	0	0	0	1	0	0	0	0	1	1	1
"OR52I1"	0	0	0	0	0	1	0	0	0	1	1	1
"OR5AN1"	0	0	0	0	1	0	0	0	0	1	1	1
"OR5AU1"	0	0	0	0	1	0	0	0	0	1	1	1
"OR5D16"	0	0	0	0	1	0	0	0	0	1	1	1
"OR5T2"	0	0	0	0	1	0	0	0	0	1	1	1
"OR5T3"	0	0	0	0	1	0	0	0	0	1	1	1
"OR6B1"	0	0	0	0	1	0	0	0	0	1	1	1
"OR6C4"	0	0	0	0	0	0	0	0	1	1	1	1
"OR7A10"	1	0	0	0	0	0	0	0	0	1	1	1
"OR7A5"	0	0	0	0	1	0	0	0	0	1	1	1
"OR7G1"	0	0	0	0	1	0	0	0	0	1	1	1
"OR8D2"	0	0	0	0	1	0	0	0	0	1	1	1
"OR8G5"	0	0	0	0	1	0	0	0	0	1	1	1
"OR9A2"	0	0	0	0	1	0	0	0	0	1	1	1
"OR9G1"	0	0	0	0	1	0	0	0	0	1	1	1
"ORC2"	0	0	0	0	1	0	0	0	0	1	1	1
"OSBPL1A"	0	0	0	0	1	0	0	0	0	1	1	1
"OSGIN1"	0	0	0	0	1	0	0	0	0	1	1	1
"OTOGL"	0	0	0	0	1	0	0	0	0	1	1	1
"OTUB2"	0	0	0	0	0	0	0	1	0	1	1	1
"OVCH1"	0	0	0	0	0	1	0	0	0	1	1	1
"OXR1"	0	0	0	0	0	1	0	0	0	1	1	1
"OXSM"	0	0	0	0	1	0	0	0	0	1	1	1
"P2RX7"	0	0	0	0	1	0	0	0	0	1	1	1
"P2RY13"	0	0	0	0	1	0	0	0	0	1	1	1
"PACSIN1"	0	0	0	0	1	0	0	0	0	1	1	1
"PACSIN2"	0	0	0	0	1	0	0	0	0	1	1	1
"PADI2"	0	0	0	0	1	0	0	0	0	1	1	1
"PAK3"	0	0	0	0	1	0	0	0	0	1	1	1
"PAK6"	0	0	0	0	1	0	0	0	0	1	1	1
"PALB2"	0	0	0	0	1	0	0	0	0	1	1	1
"PALLD"	0	0	0	0	1	0	0	0	0	1	1	1
"PAM"	0	0	0	0	1	0	0	0	0	1	1	1
"PAPPA2"	0	0	0	0	1	0	0	0	0	1	1	1
"PBDC1"	0	0	0	0	1	0	0	0	0	1	1	1
"PBRM1"	0	1	0	0	0	0	0	0	0	1	1	1
"PCDH20"	0	0	0	0	1	0	0	0	0	1	1	1
"PCDHA13"	0	0	0	0	1	0	0	0	0	1	1	1
"PCDHA6"	0	0	0	0	1	0	0	0	0	1	1	1
"PCDHB11"	0	0	0	0	1	0	0	0	0	1	1	1
"PCDHB15"	0	0	0	0	1	0	0	0	0	1	1	1
"PCDHB2"	0	0	0	0	1	0	0	0	0	1	1	1
"PCDHB9"	0	0	0	0	1	0	0	0	0	1	1	1
"PCDHGA10"	0	0	0	0	1	0	0	0	0	1	1	1
"PCDHGA12"	0	0	0	0	1	0	0	0	0	1	1	1
"PCDHGC3"	0	0	0	0	1	0	0	0	0	1	1	1
"PCLO"	0	0	0	0	1	0	0	0	0	1	1	1
"PCNA"	0	0	0	0	1	0	0	0	0	1	1	1
"PCSK5"	0	0	0	0	0	1	0	0	0	1	1	1
"PDCD4"	0	0	0	0	0	0	0	1	0	1	1	1
"PDCL2"	1	0	0	0	0	0	0	0	0	1	1	1
"PDE11A"	0	0	0	0	1	0	0	0	0	1	1	1
"PDE2A"	0	0	0	0	0	0	0	1	0	1	1	1
"PDE3A"	0	0	0	0	0	1	0	0	0	1	1	1
"PDE4A"	0	0	0	0	1	0	0	0	0	1	1	1
"PDE5A"	0	0	0	0	1	0	0	0	0	1	1	1
"PDE6B"	0	0	0	0	1	0	0	0	0	1	1	1
"PDE6C"	0	0	0	0	1	0	0	0	0	1	1	1
"PDGFC"	0	0	0	0	1	0	0	0	0	1	1	1
"PDIA5"	0	0	0	0	1	0	0	0	0	1	1	1
"PDILT"	0	0	0	0	1	0	0	0	0	1	1	1
"PDLIM3"	0	0	1	0	0	0	0	0	0	1	1	1
"PDLIM4"	0	0	0	0	1	0	0	0	0	1	1	1
"PDZD3"	0	0	0	0	1	0	0	0	0	1	1	1
"PEBP4"	0	0	0	0	1	0	0	0	0	1	1	1
"PELI2"	0	0	0	0	1	0	0	0	0	1	1	1
"PELP1"	0	0	0	0	1	0	0	0	0	1	1	1
"PER2"	0	0	0	0	1	0	0	0	0	1	1	1
"PER3"	0	0	0	0	1	0	0	0	0	1	1	1
"PEX26"	0	0	0	0	1	0	0	0	0	1	1	1
"PEX5"	0	0	0	0	1	0	0	0	0	1	1	1
"PGC"	0	0	0	0	1	0	0	0	0	1	1	1
"PGGT1B"	0	0	0	0	1	0	0	0	0	1	1	1
"PGLS"	0	0	0	0	0	0	0	1	0	1	1	1
"PGM5"	0	0	0	0	1	0	0	0	0	1	1	1
"PHEX"	0	0	0	0	1	0	0	0	0	1	1	1
"PHF21A"	0	0	0	0	1	0	0	0	0	1	1	1
"PHKG2"	0	0	0	0	1	0	0	0	0	1	1	1
"PIAS3"	0	0	0	0	1	0	0	0	0	1	1	1
"PIGQ"	0	0	0	0	0	1	0	0	0	1	1	1
"PIGW"	0	0	0	0	1	0	0	0	0	1	1	1
"PIH1D2"	0	0	0	0	1	0	0	0	0	1	1	1
"PIK3IP1"	0	0	0	0	1	0	0	0	0	1	1	1
"PIK3R1"	0	0	0	1	0	0	0	0	0	1	1	1
"PITPNM2"	0	0	0	0	1	0	0	0	0	1	1	1
"PIWIL1"	0	0	0	0	1	0	0	0	0	1	1	1
"PJA1"	0	0	0	0	1	0	0	0	0	1	1	1
"PKHD1"	0	0	0	0	0	0	0	1	0	1	1	1
"PKHD1L1"	0	0	0	0	0	1	0	0	0	1	1	1
"PKN2"	0	0	0	0	1	0	0	0	0	1	1	1
"PKNOX1"	0	0	0	0	1	0	0	0	0	1	1	1
"PLA2G15"	0	0	0	0	1	0	0	0	0	1	1	1
"PLAT"	0	0	0	0	1	0	0	0	0	1	1	1
"PLBD2"	0	0	0	0	1	0	0	0	0	1	1	1
"PLCB3"	0	0	0	0	1	0	0	0	0	1	1	1
"PLCL2"	0	0	0	0	1	0	0	0	0	1	1	1
"PLD5"	0	0	0	0	1	0	0	0	0	1	1	1
"PLEKHA1"	0	0	0	0	0	1	0	0	0	1	1	1
"PLEKHA3"	0	0	0	0	1	0	0	0	0	1	1	1
"PLEKHB2"	0	0	0	0	1	0	0	0	0	1	1	1
"PLEKHH1"	0	0	0	0	1	0	0	0	0	1	1	1
"PLEKHH3"	0	0	0	0	0	0	0	1	0	1	1	1
"PLEKHM1"	0	0	0	0	1	0	0	0	0	1	1	1
"PLXNA2"	0	0	0	0	1	0	0	0	0	1	1	1
"PLXNA3"	0	0	0	0	1	0	0	0	0	1	1	1
"PM20D1"	0	0	0	0	1	0	0	0	0	1	1	1
"PMCH"	0	0	0	0	0	1	0	0	0	1	1	1
"PMEPA1"	0	0	0	0	0	1	0	0	0	1	1	1
"PMS2"	0	0	0	0	1	0	0	0	0	1	1	1
"PNMA2"	0	0	0	0	0	1	0	0	0	1	1	1
"PNMT"	1	0	0	0	0	0	0	0	0	1	1	1
"PNPLA1"	0	0	0	0	1	0	0	0	0	1	1	1
"PNPLA6"	0	0	0	0	1	0	0	0	0	1	1	1
"PNPLA7"	0	0	0	0	1	0	0	0	0	1	1	1
"PNPLA8"	0	1	0	0	0	0	0	0	0	1	1	1
"PNPO"	0	0	0	0	1	0	0	0	0	1	1	1
"POGK"	0	0	0	0	1	0	0	0	0	1	1	1
"POLB"	0	0	0	0	0	1	0	0	0	1	1	1
"POLD4"	0	0	0	0	1	0	0	0	0	1	1	1
"POLE4"	0	0	0	0	0	1	0	0	0	1	1	1
"POLH"	0	0	0	0	0	0	0	1	0	1	1	1
"POLM"	0	0	0	0	1	0	0	0	0	1	1	1
"POLQ"	0	0	0	0	1	0	0	0	0	1	1	1
"POLR3A"	0	0	0	0	1	0	0	0	0	1	1	1
"POLR3C"	0	0	0	0	1	0	0	0	0	1	1	1
"POLR3E"	0	0	0	0	0	0	0	1	0	1	1	1
"POMC"	0	0	0	0	1	0	0	0	0	1	1	1
"POMGNT1"	0	0	0	0	1	0	0	0	0	1	1	1
"POSTN"	0	0	0	0	1	0	0	0	0	1	1	1
"POTEM"	0	0	0	0	1	0	0	0	0	1	1	1
"POU2F2"	0	0	0	0	1	0	0	0	0	1	1	1
"POU3F3"	0	0	0	0	1	0	0	0	0	1	1	1
"POU5F1B"	0	0	0	0	1	0	0	0	0	1	1	1
"PPAP2A"	0	0	0	0	1	0	0	0	0	1	1	1
"PPARA"	0	0	1	0	0	0	0	0	0	1	1	1
"PPFIA1"	0	0	0	0	1	0	0	0	0	1	1	1
"PPFIA4"	0	0	0	0	1	0	0	0	0	1	1	1
"PPFIBP2"	0	0	0	0	1	0	0	0	0	1	1	1
"PPID"	0	0	0	0	1	0	0	0	0	1	1	1
"PPIP5K2"	0	0	0	0	1	0	0	0	0	1	1	1
"PPM1D"	0	0	0	0	0	1	0	0	0	1	1	1
"PPM1E"	0	0	0	0	1	0	0	0	0	1	1	1
"PPM1J"	0	0	0	0	1	0	0	0	0	1	1	1
"PPP1R3F"	0	0	0	0	1	0	0	0	0	1	1	1
"PPP2R1A"	0	0	0	0	1	0	0	0	0	1	1	1
"PPP2R3A"	0	0	0	0	1	0	0	0	0	1	1	1
"PPP2R3B"	0	0	0	0	1	0	0	0	0	1	1	1
"PRAMEF1"	0	0	0	0	1	0	0	0	0	1	1	1
"PRAMEF11"	0	0	0	0	1	0	0	0	0	1	1	1
"PRAMEF15"	0	0	0	0	1	0	0	0	0	1	1	1
"PRDM10"	0	0	0	0	1	0	0	0	0	1	1	1
"PRDM4"	0	0	0	0	0	1	0	0	0	1	1	1
"PRG2"	0	0	0	0	1	0	0	0	0	1	1	1
"PRG4"	0	0	0	0	1	0	0	0	0	1	1	1
"PRICKLE2"	0	0	0	0	1	0	0	0	0	1	1	1
"PRICKLE4"	0	0	0	0	1	0	0	0	0	1	1	1
"PRKAA1"	0	0	0	0	1	0	0	0	0	1	1	1
"PRKAB2"	0	0	0	0	1	0	0	0	0	1	1	1
"PRKAG3"	0	0	0	0	1	0	0	0	0	1	1	1
"PRKAR1B"	0	0	0	0	1	0	0	0	0	1	1	1
"PRKCE"	0	0	0	0	1	0	0	0	0	1	1	1
"PRKCG"	0	0	0	0	1	0	0	0	0	1	1	1
"PRKCSH"	0	0	0	0	1	0	0	0	0	1	1	1
"PROCR"	0	0	0	0	1	0	0	0	0	1	1	1
"PROP1"	0	0	0	0	1	0	0	0	0	1	1	1
"PROS1"	0	0	0	0	0	1	0	0	0	1	1	1
"PRPF4B"	0	0	0	0	1	0	0	0	0	1	1	1
"PRRT3"	0	0	0	0	1	0	0	0	0	1	1	1
"PRSS12"	0	0	0	0	1	0	0	0	0	1	1	1
"PRX"	0	0	0	0	1	0	0	0	0	1	1	1
"PSD"	0	0	0	0	1	0	0	0	0	1	1	1
"PSG6"	0	0	0	0	1	0	0	0	0	1	1	1
"PSMC5"	0	0	0	0	1	0	0	0	0	1	1	1
"PSMD1"	0	0	0	0	1	0	0	0	0	1	1	1
"PSMD11"	0	0	0	0	1	0	0	0	0	1	1	1
"PTCD1"	0	0	0	0	1	0	0	0	0	1	1	1
"PTCHD4"	0	0	0	0	1	0	0	0	0	1	1	1
"PTDSS2"	0	0	0	0	1	0	0	0	0	1	1	1
"PTEN"	0	0	0	0	0	1	0	0	0	1	1	1
"PTPN12"	0	0	0	0	1	0	0	0	0	1	1	1
"PTPN4"	0	0	0	0	0	1	0	0	0	1	1	1
"PTPRA"	0	0	0	0	1	0	0	0	0	1	1	1
"PTPRE"	0	0	0	0	1	0	0	0	0	1	1	1
"PTPRF"	0	0	0	0	1	0	0	0	0	1	1	1
"PTPRH"	0	0	0	0	1	0	0	0	0	1	1	1
"PTPRM"	0	0	0	0	0	1	0	0	0	1	1	1
"PTPRN2"	0	0	0	0	1	0	0	0	0	1	1	1
"PTPRO"	0	0	0	0	1	0	0	0	0	1	1	1
"PTPRR"	0	0	0	0	0	0	0	1	0	1	1	1
"PTPRT"	0	0	0	0	1	0	0	0	0	1	1	1
"PUM1"	0	0	0	0	1	0	0	0	0	1	1	1
"PUM2"	0	0	0	0	1	0	0	0	0	1	1	1
"PUS10"	0	0	0	0	1	0	0	0	0	1	1	1
"PWWP2A"	0	0	0	0	1	0	0	0	0	1	1	1
"PYROXD1"	0	0	0	0	1	0	0	0	0	1	1	1
"PYY"	0	0	0	0	1	0	0	0	0	1	1	1
"PZP"	0	0	0	0	1	0	0	0	0	1	1	1
"QRICH2"	0	0	0	0	1	0	0	0	0	1	1	1
"QSER1"	0	0	0	0	1	0	0	0	0	1	1	1
"RAB8A"	0	0	0	0	1	0	0	0	0	1	1	1
"RAD17"	0	0	0	0	1	0	0	0	0	1	1	1
"RAD51AP2"	0	0	0	0	0	1	0	0	0	1	1	1
"RAD9A"	0	0	0	0	0	1	0	0	0	1	1	1
"RAI14"	0	0	0	0	1	0	0	0	0	1	1	1
"RALBP1"	0	0	0	0	1	0	0	0	0	1	1	1
"RALGAPA1"	0	0	0	0	1	0	0	0	0	1	1	1
"RALGAPA2"	0	0	0	0	1	0	0	0	0	1	1	1
"RANBP6"	0	0	0	0	1	0	0	0	0	1	1	1
"RANBP9"	0	0	0	0	1	0	0	0	0	1	1	1
"RAP1A"	0	0	0	0	1	0	0	0	0	1	1	1
"RAP2B"	0	0	0	0	1	0	0	0	0	1	1	1
"RAPGEF2"	0	0	0	0	1	0	0	0	0	1	1	1
"RASA3"	0	0	0	0	1	0	0	0	0	1	1	1
"RASSF2"	0	0	0	0	1	0	0	0	0	1	1	1
"RASSF4"	0	0	0	0	1	0	0	0	0	1	1	1
"RBBP8NL"	0	0	0	0	1	0	0	0	0	1	1	1
"RBBP9"	0	0	0	0	1	0	0	0	0	1	1	1
"RBFOX3"	0	0	0	0	1	0	0	0	0	1	1	1
"RBM11"	0	0	0	0	1	0	0	0	0	1	1	1
"RBM15"	1	0	0	0	0	0	0	0	0	1	1	1
"RBM20"	0	0	0	0	1	0	0	0	0	1	1	1
"RBM26"	0	1	0	0	0	0	0	0	0	1	1	1
"RBM27"	0	0	0	0	1	0	0	0	0	1	1	1
"RBM38"	0	0	0	0	1	0	0	0	0	1	1	1
"RBM41"	0	0	0	0	0	1	0	0	0	1	1	1
"RBM6"	0	0	0	0	1	0	0	0	0	1	1	1
"RBMS2"	0	0	0	0	0	1	0	0	0	1	1	1
"RBMXL1"	0	0	0	0	1	0	0	0	0	1	1	1
"RBMXL2"	0	0	0	0	0	1	0	0	0	1	1	1
"RECK"	1	0	0	0	0	0	0	0	0	1	1	1
"REEP1"	0	0	0	0	1	0	0	0	0	1	1	1
"REEP2"	0	0	0	0	1	0	0	0	0	1	1	1
"REG1B"	0	0	0	0	1	0	0	0	0	1	1	1
"RELN"	0	0	0	0	1	0	0	0	0	1	1	1
"RENBP"	0	0	0	0	1	0	0	0	0	1	1	1
"REPS2"	0	0	0	0	1	0	0	0	0	1	1	1
"RETSAT"	0	0	0	0	1	0	0	0	0	1	1	1
"REV3L"	0	0	0	0	0	1	0	0	0	1	1	1
"RFX4"	0	0	0	0	1	0	0	0	0	1	1	1
"RGMB"	0	0	0	0	1	0	0	0	0	1	1	1
"RGPD4"	0	0	0	0	1	0	0	0	0	1	1	1
"RGS20"	0	0	0	0	1	0	0	0	0	1	1	1
"RGS3"	0	0	0	0	1	0	0	0	0	1	1	1
"RGS8"	0	0	0	0	1	0	0	0	0	1	1	1
"RHBDD1"	0	0	0	0	1	0	0	0	0	1	1	1
"RHBG"	0	0	0	0	1	0	0	0	0	1	1	1
"RHCG"	0	0	0	0	0	1	0	0	0	1	1	1
"RHOXF2B"	0	0	0	0	1	0	0	0	0	1	1	1
"RIF1"	0	0	0	0	1	0	0	0	0	1	1	1
"RIMS2"	0	0	0	0	1	0	0	0	0	1	1	1
"RIN2"	0	0	0	0	1	0	0	0	0	1	1	1
"RINT1"	0	0	0	0	0	1	0	0	0	1	1	1
"RIT2"	0	0	0	0	1	0	0	0	0	1	1	1
"RLF"	0	0	0	0	1	0	0	0	0	1	1	1
"RNASE12"	0	0	0	0	1	0	0	0	0	1	1	1
"RNF213"	0	0	0	0	1	0	0	0	0	1	1	1
"RNF8"	0	0	0	0	1	0	0	0	0	1	1	1
"RNFT2"	0	0	0	0	1	0	0	0	0	1	1	1
"RNH1"	0	0	0	0	1	0	0	0	0	1	1	1
"ROBO2"	0	0	0	0	1	0	0	0	0	1	1	1
"ROBO4"	0	0	0	0	1	0	0	0	0	1	1	1
"ROR2"	0	0	0	0	1	0	0	0	0	1	1	1
"RP11-76E12.1"	0	0	0	0	0	0	0	1	0	1	1	1
"RP1L1"	0	0	0	0	0	1	0	0	0	1	1	1
"RPL18"	0	0	0	0	1	0	0	0	0	1	1	1
"RPL35"	0	0	0	0	1	0	0	0	0	1	1	1
"RPL37A"	0	0	0	0	0	0	0	1	0	1	1	1
"RPL5"	0	0	0	0	1	0	0	0	0	1	1	1
"RPL6"	0	0	0	0	1	0	0	0	0	1	1	1
"RPP38"	0	0	0	0	1	0	0	0	0	1	1	1
"RPRD2"	0	0	0	0	1	0	0	0	0	1	1	1
"RPS6KA5"	0	0	0	0	1	0	0	0	0	1	1	1
"RPTOR"	0	0	0	0	1	0	0	0	0	1	1	1
"RPUSD1"	0	0	0	0	1	0	0	0	0	1	1	1
"RRP1B"	0	0	0	0	1	0	0	0	0	1	1	1
"RSRP1"	0	0	0	0	0	1	0	0	0	1	1	1
"RTFDC1"	0	0	0	0	1	0	0	0	0	1	1	1
"RTN4"	0	0	0	0	1	0	0	0	0	1	1	1
"RTTN"	0	0	0	0	1	0	0	0	0	1	1	1
"RUNX1T1"	0	0	0	0	1	0	0	0	0	1	1	1
"RUSC1"	0	0	0	0	1	0	0	0	0	1	1	1
"RWDD2A"	0	0	0	0	1	0	0	0	0	1	1	1
"RXFP4"	0	0	0	0	1	0	0	0	0	1	1	1
"RXRG"	0	0	0	0	1	0	0	0	0	1	1	1
"RYR1"	0	0	0	0	1	0	0	0	0	1	1	1
"SACS"	0	0	0	0	0	1	0	0	0	1	1	1
"SAFB2"	0	0	0	0	1	0	0	0	0	1	1	1
"SALL1"	0	0	0	0	1	0	0	0	0	1	1	1
"SASH1"	0	0	0	0	1	0	0	0	0	1	1	1
"SAXO1"	0	0	0	0	1	0	0	0	0	1	1	1
"SBNO1"	0	0	0	0	1	0	0	0	0	1	1	1
"SCD"	0	0	0	0	1	0	0	0	0	1	1	1
"SCD5"	0	0	0	0	1	0	0	0	0	1	1	1
"SCG2"	0	0	0	0	1	0	0	0	0	1	1	1
"SCG3"	0	0	0	0	1	0	0	0	0	1	1	1
"SCLT1"	0	0	0	0	1	0	0	0	0	1	1	1
"SCN10A"	0	0	0	0	1	0	0	0	0	1	1	1
"SCN3A"	0	0	0	0	1	0	0	0	0	1	1	1
"SCN5A"	0	0	0	0	1	0	0	0	0	1	1	1
"SCN7A"	0	0	0	0	1	0	0	0	0	1	1	1
"SCUBE1"	0	0	0	0	1	0	0	0	0	1	1	1
"SDK1"	0	0	0	0	1	0	0	0	0	1	1	1
"SEC23B"	0	0	0	0	0	1	0	0	0	1	1	1
"SEC62"	0	0	0	0	1	0	0	0	0	1	1	1
"SEMA3A"	0	0	0	0	1	0	0	0	0	1	1	1
"SEMA3C"	0	0	0	0	1	0	0	0	0	1	1	1
"SEMA3E"	0	0	0	0	1	0	0	0	0	1	1	1
"SEMA4D"	0	0	0	0	0	1	0	0	0	1	1	1
"SEMA6C"	0	0	0	0	1	0	0	0	0	1	1	1
"SENP2"	0	0	0	0	1	0	0	0	0	1	1	1
"SEPT10"	0	0	0	0	1	0	0	0	0	1	1	1
"SEPT7"	0	0	0	0	1	0	0	0	0	1	1	1
"SERPINB9"	0	0	0	0	1	0	0	0	0	1	1	1
"SERTAD3"	0	0	0	0	1	0	0	0	0	1	1	1
"SETD1B"	0	0	0	0	1	0	0	0	0	1	1	1
"SETD2"	0	0	0	0	0	1	0	0	0	1	1	1
"SETD4"	0	0	0	0	1	0	0	0	0	1	1	1
"SF3A2"	0	0	0	0	1	0	0	0	0	1	1	1
"SF3A3"	0	0	0	0	1	0	0	0	0	1	1	1
"SFMBT1"	0	0	0	0	1	0	0	0	0	1	1	1
"SFTA3"	0	0	0	0	1	0	0	0	0	1	1	1
"SGSM1"	0	0	0	0	1	0	0	0	0	1	1	1
"SH2B1"	0	0	1	0	0	0	0	0	0	1	1	1
"SH3KBP1"	0	0	0	0	1	0	0	0	0	1	1	1
"SH3PXD2A"	0	0	0	0	1	0	0	0	0	1	1	1
"SH3TC1"	0	0	0	0	1	0	0	0	0	1	1	1
"SHANK1"	0	0	0	0	1	0	0	0	0	1	1	1
"SHARPIN"	0	0	0	0	1	0	0	0	0	1	1	1
"SHCBP1L"	0	0	0	0	1	0	0	0	0	1	1	1
"SHOX"	0	0	0	0	1	0	0	0	0	1	1	1
"SHPK"	0	0	0	0	1	0	0	0	0	1	1	1
"SHQ1"	0	0	0	0	1	0	0	0	0	1	1	1
"SHROOM3"	0	0	0	0	1	0	0	0	0	1	1	1
"SIDT1"	0	0	0	0	0	1	0	0	0	1	1	1
"SIGLEC5"	0	0	0	0	1	0	0	0	0	1	1	1
"SIPA1L3"	0	0	0	0	1	0	0	0	0	1	1	1
"SIX4"	0	0	0	0	1	0	0	0	0	1	1	1
"SKOR1"	0	0	0	0	1	0	0	0	0	1	1	1
"SLA2"	1	0	0	0	0	0	0	0	0	1	1	1
"SLC12A4"	0	0	0	0	1	0	0	0	0	1	1	1
"SLC12A5"	0	0	0	0	0	1	0	0	0	1	1	1
"SLC13A3"	0	0	0	0	0	1	0	0	0	1	1	1
"SLC17A4"	0	0	0	0	0	0	0	1	0	1	1	1
"SLC17A5"	0	0	0	0	1	0	0	0	0	1	1	1
"SLC18A2"	0	0	0	0	1	0	0	0	0	1	1	1
"SLC1A7"	0	0	0	0	1	0	0	0	0	1	1	1
"SLC22A6"	0	0	0	0	1	0	0	0	0	1	1	1
"SLC22A7"	0	0	0	0	1	0	0	0	0	1	1	1
"SLC25A30"	0	0	0	0	1	0	0	0	0	1	1	1
"SLC25A41"	0	1	0	0	0	0	0	0	0	1	1	1
"SLC25A6"	0	0	0	0	1	0	0	0	0	1	1	1
"SLC26A7"	0	0	0	0	1	0	0	0	0	1	1	1
"SLC26A9"	0	0	0	0	1	0	0	0	0	1	1	1
"SLC28A1"	0	0	0	0	1	0	0	0	0	1	1	1
"SLC30A6"	0	0	0	0	0	1	0	0	0	1	1	1
"SLC35A2"	0	0	0	0	1	0	0	0	0	1	1	1
"SLC35F4"	0	1	0	0	0	0	0	0	0	1	1	1
"SLC39A7"	0	0	0	0	1	0	0	0	0	1	1	1
"SLC39A9"	0	0	0	0	1	0	0	0	0	1	1	1
"SLC3A1"	0	0	0	0	1	0	0	0	0	1	1	1
"SLC41A3"	0	0	0	0	0	1	0	0	0	1	1	1
"SLC43A2"	0	0	0	0	1	0	0	0	0	1	1	1
"SLC44A3"	0	0	0	0	1	0	0	0	0	1	1	1
"SLC4A10"	0	0	0	0	1	0	0	0	0	1	1	1
"SLC4A4"	0	0	0	0	1	0	0	0	0	1	1	1
"SLC6A6"	0	0	0	0	1	0	0	0	0	1	1	1
"SLC6A8"	0	0	0	0	1	0	0	0	0	1	1	1
"SLC7A6"	0	0	0	0	1	0	0	0	0	1	1	1
"SLC8A1"	0	0	0	0	1	0	0	0	0	1	1	1
"SLC9C1"	0	0	0	0	1	0	0	0	0	1	1	1
"SLC9C2"	0	0	0	0	1	0	0	0	0	1	1	1
"SLCO1C1"	0	0	0	0	1	0	0	0	0	1	1	1
"SLFN13"	0	0	0	0	0	1	0	0	0	1	1	1
"SLFN14"	0	0	0	0	1	0	0	0	0	1	1	1
"SLITRK3"	0	0	0	0	1	0	0	0	0	1	1	1
"SLITRK6"	0	1	0	0	0	0	0	0	0	1	1	1
"SMAD3"	0	0	0	0	1	0	0	0	0	1	1	1
"SMARCA1"	1	0	0	0	0	0	0	0	0	1	1	1
"SMARCA5"	0	0	0	0	1	0	0	0	0	1	1	1
"SMARCD1"	0	0	0	0	1	0	0	0	0	1	1	1
"SMARCE1"	0	0	0	0	1	0	0	0	0	1	1	1
"SMC2"	0	0	0	0	1	0	0	0	0	1	1	1
"SMC6"	0	0	0	0	1	0	0	0	0	1	1	1
"SMIM21"	0	0	0	0	1	0	0	0	0	1	1	1
"SMTN"	0	0	0	0	1	0	0	0	0	1	1	1
"SNAI1"	0	0	0	0	1	0	0	0	0	1	1	1
"SNED1"	0	0	0	0	1	0	0	0	0	1	1	1
"SNRNP40"	0	0	0	0	1	0	0	0	0	1	1	1
"SNX11"	0	0	0	0	1	0	0	0	0	1	1	1
"SNX13"	0	0	0	0	1	0	0	0	0	1	1	1
"SNX19"	0	0	0	0	1	0	0	0	0	1	1	1
"SNX2"	0	0	0	0	1	0	0	0	0	1	1	1
"SNX24"	0	0	0	0	1	0	0	0	0	1	1	1
"SNX6"	0	0	0	0	0	0	0	1	0	1	1	1
"SOGA1"	0	0	0	0	1	0	0	0	0	1	1	1
"SON"	0	0	0	0	1	0	0	0	0	1	1	1
"SOS1"	0	0	0	0	0	1	0	0	0	1	1	1
"SP140"	0	0	0	0	1	0	0	0	0	1	1	1
"SP2"	0	0	0	0	1	0	0	0	0	1	1	1
"SPACA7"	0	0	0	0	1	0	0	0	0	1	1	1
"SPAG17"	0	0	0	0	1	0	0	0	0	1	1	1
"SPAG6"	0	0	0	0	1	0	0	0	0	1	1	1
"SPAM1"	0	0	0	0	0	1	0	0	0	1	1	1
"SPANXN2"	0	0	0	0	1	0	0	0	0	1	1	1
"SPATA31A3"	0	0	0	0	0	1	0	0	0	1	1	1
"SPATA31A7"	0	0	0	0	1	0	0	0	0	1	1	1
"SPATA5"	0	0	0	0	1	0	0	0	0	1	1	1
"SPATS1"	0	0	0	0	1	0	0	0	0	1	1	1
"SPDYE5"	0	0	0	0	1	0	0	0	0	1	1	1
"SPECC1"	0	0	0	0	1	0	0	0	0	1	1	1
"SPECC1L"	0	0	0	0	0	0	0	1	0	1	1	1
"SPERT"	0	0	0	0	1	0	0	0	0	1	1	1
"SPG11"	0	0	0	0	1	0	0	0	0	1	1	1
"SPHKAP"	0	0	0	0	0	0	0	1	0	1	1	1
"SPIDR"	0	0	0	0	1	0	0	0	0	1	1	1
"SPIN4"	0	0	0	0	1	0	0	0	0	1	1	1
"SPPL2B"	0	0	0	0	1	0	0	0	0	1	1	1
"SPSB1"	0	0	0	0	1	0	0	0	0	1	1	1
"SPTAN1"	0	0	0	0	0	1	0	0	0	1	1	1
"SPTB"	0	0	0	0	1	0	0	0	0	1	1	1
"SPTBN1"	0	0	0	0	1	0	0	0	0	1	1	1
"SPTBN5"	0	0	0	0	1	0	0	0	0	1	1	1
"SPTSSB"	0	0	0	0	0	1	0	0	0	1	1	1
"SRBD1"	0	0	0	0	1	0	0	0	0	1	1	1
"SREK1"	0	0	0	0	1	0	0	0	0	1	1	1
"SRPK1"	0	0	0	0	1	0	0	0	0	1	1	1
"SRPK2"	0	0	0	0	1	0	0	0	0	1	1	1
"SRSF4"	0	0	0	0	1	0	0	0	0	1	1	1
"SSBP2"	0	0	0	0	1	0	0	0	0	1	1	1
"SSC4D"	0	0	0	0	1	0	0	0	0	1	1	1
"SSC5D"	0	0	0	0	0	1	0	0	0	1	1	1
"SSH2"	0	0	0	0	1	0	0	0	0	1	1	1
"SSR4"	0	0	0	0	1	0	0	0	0	1	1	1
"SSX3"	0	0	0	0	1	0	0	0	0	1	1	1
"ST18"	0	0	0	0	1	0	0	0	0	1	1	1
"ST6GALNAC3"	0	1	0	0	0	0	0	0	0	1	1	1
"ST8SIA2"	0	0	0	0	1	0	0	0	0	1	1	1
"ST8SIA3"	0	0	0	0	0	1	0	0	0	1	1	1
"STAB1"	0	0	0	0	1	0	0	0	0	1	1	1
"STAC2"	0	0	0	0	1	0	0	0	0	1	1	1
"STAG2"	0	0	0	0	1	0	0	0	0	1	1	1
"STARD3"	0	0	0	0	0	1	0	0	0	1	1	1
"STARD5"	0	0	0	0	0	1	0	0	0	1	1	1
"STARD7"	0	0	0	0	1	0	0	0	0	1	1	1
"STAT2"	0	0	0	0	1	0	0	0	0	1	1	1
"STAT5A"	0	0	0	0	1	0	0	0	0	1	1	1
"STAT6"	0	0	0	0	1	0	0	0	0	1	1	1
"STK35"	0	0	0	0	1	0	0	0	0	1	1	1
"STK4"	0	0	0	0	1	0	0	0	0	1	1	1
"STMN3"	0	0	0	0	0	1	0	0	0	1	1	1
"STRA6"	0	0	0	0	1	0	0	0	0	1	1	1
"STT3B"	0	0	0	0	1	0	0	0	0	1	1	1
"STX18"	0	0	0	0	1	0	0	0	0	1	1	1
"STXBP2"	0	0	0	0	1	0	0	0	0	1	1	1
"SULT1C3"	1	0	0	0	0	0	0	0	0	1	1	1
"SUMF2"	0	0	0	0	1	0	0	0	0	1	1	1
"SUOX"	0	0	0	0	1	0	0	0	0	1	1	1
"SVEP1"	0	0	0	0	1	0	0	0	0	1	1	1
"SVIL"	0	0	0	0	1	0	0	0	0	1	1	1
"SWI5"	0	0	0	0	1	0	0	0	0	1	1	1
"SYCP1"	0	0	0	0	1	0	0	0	0	1	1	1
"SYDE2"	0	0	0	0	1	0	0	0	0	1	1	1
"SYNGR2"	0	0	0	0	1	0	0	0	0	1	1	1
"SYT14"	0	0	0	0	1	0	0	0	0	1	1	1
"SYT17"	0	0	0	0	1	0	0	0	0	1	1	1
"SYT2"	0	0	0	0	1	0	0	0	0	1	1	1
"SYT6"	0	0	0	0	0	0	0	1	0	1	1	1
"SYT9"	0	0	0	0	1	0	0	0	0	1	1	1
"T"	0	0	0	0	1	0	0	0	0	1	1	1
"TACR1"	0	0	0	0	1	0	0	0	0	1	1	1
"TADA3"	0	0	0	0	1	0	0	0	0	1	1	1
"TAF1"	0	0	0	0	1	0	0	0	0	1	1	1
"TAF11"	0	0	0	0	1	0	0	0	0	1	1	1
"TAF6"	0	0	0	0	1	0	0	0	0	1	1	1
"TAMM41"	0	0	0	0	1	0	0	0	0	1	1	1
"TANC1"	0	0	0	0	1	0	0	0	0	1	1	1
"TAOK3"	0	0	0	0	1	0	0	0	0	1	1	1
"TAS2R1"	0	0	0	0	1	0	0	0	0	1	1	1
"TAS2R10"	0	0	0	0	1	0	0	0	0	1	1	1
"TAS2R19"	0	0	0	0	1	0	0	0	0	1	1	1
"TAS2R31"	0	0	0	0	1	0	0	0	0	1	1	1
"TBC1D12"	0	0	0	0	1	0	0	0	0	1	1	1
"TBC1D16"	0	0	0	0	1	0	0	0	0	1	1	1
"TBC1D30"	0	0	0	0	0	1	0	0	0	1	1	1
"TBC1D8"	0	0	0	0	0	1	0	0	0	1	1	1
"TBC1D9"	0	0	0	0	1	0	0	0	0	1	1	1
"TBCE"	0	0	0	0	1	0	0	0	0	1	1	1
"TBP"	0	0	0	0	1	0	0	0	0	1	1	1
"TBX10"	0	0	0	0	1	0	0	0	0	1	1	1
"TBX19"	0	0	0	0	0	1	0	0	0	1	1	1
"TBX20"	0	0	0	0	1	0	0	0	0	1	1	1
"TBXAS1"	0	0	0	0	1	0	0	0	0	1	1	1
"TCEB3B"	0	0	0	0	1	0	0	0	0	1	1	1
"TCF12"	0	0	0	0	1	0	0	0	0	1	1	1
"TCF23"	0	0	0	0	1	0	0	0	0	1	1	1
"TCHP"	0	0	0	0	1	0	0	0	0	1	1	1
"TCP10L"	0	0	0	0	1	0	0	0	0	1	1	1
"TCTE1"	0	0	0	0	1	0	0	0	0	1	1	1
"TCTE3"	0	0	0	0	1	0	0	0	0	1	1	1
"TDRD7"	0	0	0	0	1	0	0	0	0	1	1	1
"TEAD4"	0	0	0	0	1	0	0	0	0	1	1	1
"TECPR2"	0	0	0	0	1	0	0	0	0	1	1	1
"TECTA"	0	0	0	0	1	0	0	0	0	1	1	1
"TENM1"	0	0	0	0	1	0	0	0	0	1	1	1
"TENM2"	0	0	0	0	1	0	0	0	0	1	1	1
"TENM3"	0	0	0	0	1	0	0	0	0	1	1	1
"TENM4"	0	0	0	0	1	0	0	0	0	1	1	1
"TEP1"	0	0	0	0	1	0	0	0	0	1	1	1
"TET1"	0	0	0	0	1	0	0	0	0	1	1	1
"TET2"	0	0	0	0	0	1	0	0	0	1	1	1
"TET3"	0	0	0	0	1	0	0	0	0	1	1	1
"TEX14"	0	0	0	0	0	0	0	1	0	1	1	1
"TFG"	0	0	0	0	1	0	0	0	0	1	1	1
"TFR2"	0	0	0	0	1	0	0	0	0	1	1	1
"TG"	0	0	0	0	1	0	0	0	0	1	1	1
"TGFB1"	0	0	0	0	1	0	0	0	0	1	1	1
"TGFB3"	0	0	0	0	1	0	0	0	0	1	1	1
"THBS2"	0	0	0	0	1	0	0	0	0	1	1	1
"THEM5"	0	0	0	0	1	0	0	0	0	1	1	1
"THSD4"	0	0	0	0	1	0	0	0	0	1	1	1
"TIA1"	0	0	0	0	1	0	0	0	0	1	1	1
"TICRR"	0	0	0	0	1	0	0	0	0	1	1	1
"TIFAB"	0	0	0	0	1	0	0	0	0	1	1	1
"TJP2"	0	0	0	0	1	0	0	0	0	1	1	1
"TKTL2"	0	0	0	0	0	1	0	0	0	1	1	1
"TLK2"	0	0	0	0	1	0	0	0	0	1	1	1
"TLN1"	0	0	0	0	1	0	0	0	0	1	1	1
"TLR5"	0	1	0	0	0	0	0	0	0	1	1	1
"TLR8"	0	0	0	0	1	0	0	0	0	1	1	1
"TLR9"	0	0	0	0	1	0	0	0	0	1	1	1
"TM7SF3"	0	0	0	0	0	1	0	0	0	1	1	1
"TMED8"	0	0	0	0	1	0	0	0	0	1	1	1
"TMEM132E"	0	0	0	0	0	0	0	1	0	1	1	1
"TMEM144"	0	0	0	0	1	0	0	0	0	1	1	1
"TMEM171"	0	0	0	0	1	0	0	0	0	1	1	1
"TMEM190"	0	0	0	0	1	0	0	0	0	1	1	1
"TMEM194A"	0	0	0	0	1	0	0	0	0	1	1	1
"TMEM194B"	0	0	0	0	1	0	0	0	0	1	1	1
"TMEM196"	0	0	0	0	1	0	0	0	0	1	1	1
"TMEM202"	0	0	0	0	0	1	0	0	0	1	1	1
"TMEM225"	0	0	0	0	1	0	0	0	0	1	1	1
"TMEM245"	0	0	1	0	0	0	0	0	0	1	1	1
"TMEM256-PLSCR3"	0	0	0	0	1	0	0	0	0	1	1	1
"TMEM67"	0	0	0	0	1	0	0	0	0	1	1	1
"TMEM99"	0	0	0	0	1	0	0	0	0	1	1	1
"TMPRSS15"	0	0	0	0	1	0	0	0	0	1	1	1
"TNFAIP1"	0	0	0	0	1	0	0	0	0	1	1	1
"TNFAIP2"	0	0	0	0	1	0	0	0	0	1	1	1
"TNFRSF10D"	0	0	0	0	1	0	0	0	0	1	1	1
"TNFRSF11B"	0	0	0	0	0	1	0	0	0	1	1	1
"TNFSF9"	0	0	0	0	1	0	0	0	0	1	1	1
"TNIP1"	0	0	0	0	1	0	0	0	0	1	1	1
"TNK2"	0	0	0	0	0	0	1	0	0	1	1	1
"TNKS1BP1"	0	0	0	0	1	0	0	0	0	1	1	1
"TNRC18"	0	0	0	0	1	0	0	0	0	1	1	1
"TNRC6A"	0	0	0	0	1	0	0	0	0	1	1	1
"TNRC6B"	0	0	0	0	1	0	0	0	0	1	1	1
"TOP1"	0	0	0	0	1	0	0	0	0	1	1	1
"TOP2A"	0	0	0	0	1	0	0	0	0	1	1	1
"TOPAZ1"	0	0	0	0	1	0	0	0	0	1	1	1
"TOPORS"	0	0	0	0	1	0	0	0	0	1	1	1
"TOR1AIP1"	0	0	0	0	1	0	0	0	0	1	1	1
"TP53I13"	0	0	0	0	1	0	0	0	0	1	1	1
"TPCN1"	0	0	0	0	1	0	0	0	0	1	1	1
"TPPP"	0	0	0	0	1	0	0	0	0	1	1	1
"TPRG1"	0	0	0	0	1	0	0	0	0	1	1	1
"TPTE"	0	0	0	0	1	0	0	0	0	1	1	1
"TRABD2A"	0	0	0	0	1	0	0	0	0	1	1	1
"TRAF3IP1"	0	0	0	0	1	0	0	0	0	1	1	1
"TRAF3IP3"	0	0	0	0	1	0	0	0	0	1	1	1
"TRAF5"	0	0	0	0	1	0	0	0	0	1	1	1
"TRAF6"	0	0	0	0	1	0	0	0	0	1	1	1
"TRAF7"	0	0	0	0	1	0	0	0	0	1	1	1
"TRAJ42"	0	0	0	0	1	0	0	0	0	1	1	1
"TRAM1"	0	0	0	0	1	0	0	0	0	1	1	1
"TRAPPC12"	0	0	0	0	1	0	0	0	0	1	1	1
"TRAV12-3"	0	0	0	0	1	0	0	0	0	1	1	1
"TRAV16"	0	0	0	0	1	0	0	0	0	1	1	1
"TRAV38-1"	0	0	0	0	1	0	0	0	0	1	1	1
"TRBV29-1"	0	0	0	0	0	1	0	0	0	1	1	1
"TREX1"	0	0	0	0	1	0	0	0	0	1	1	1
"TRIM2"	0	0	0	0	1	0	0	0	0	1	1	1
"TRIM33"	0	0	0	0	1	0	0	0	0	1	1	1
"TRIM38"	0	0	0	0	0	1	0	0	0	1	1	1
"TRIM39"	0	0	0	0	1	0	0	0	0	1	1	1
"TRIM41"	0	0	0	0	1	0	0	0	0	1	1	1
"TRIM43"	0	0	0	0	1	0	0	0	0	1	1	1
"TRIM5"	0	0	0	0	1	0	0	0	0	1	1	1
"TRIM65"	0	0	0	0	1	0	0	0	0	1	1	1
"TRMT5"	0	0	0	0	0	1	0	0	0	1	1	1
"TROVE2"	0	0	0	0	1	0	0	0	0	1	1	1
"TRPM6"	0	0	0	0	0	1	0	0	0	1	1	1
"TRPM7"	0	0	0	0	1	0	0	0	0	1	1	1
"TRPS1"	0	0	1	0	0	0	0	0	0	1	1	1
"TRRAP"	0	0	0	0	1	0	0	0	0	1	1	1
"TSC2"	0	0	0	0	1	0	0	0	0	1	1	1
"TSPAN32"	0	0	0	0	1	0	0	0	0	1	1	1
"TSPYL1"	0	0	0	0	1	0	0	0	0	1	1	1
"TTC16"	0	0	0	0	1	0	0	0	0	1	1	1
"TTC23"	0	0	0	0	1	0	0	0	0	1	1	1
"TTC23L"	0	0	0	0	1	0	0	0	0	1	1	1
"TTC26"	0	0	0	0	1	0	0	0	0	1	1	1
"TTC28"	0	0	0	0	1	0	0	0	0	1	1	1
"TTC39A"	0	0	0	0	1	0	0	0	0	1	1	1
"TTC7A"	0	0	0	0	1	0	0	0	0	1	1	1
"TTC7B"	0	0	0	0	1	0	0	0	0	1	1	1
"TTLL7"	0	0	0	0	1	0	0	0	0	1	1	1
"TUB"	0	0	0	0	1	0	0	0	0	1	1	1
"TUBB1"	0	0	0	0	1	0	0	0	0	1	1	1
"TUBGCP2"	0	0	0	0	1	0	0	0	0	1	1	1
"TUBGCP6"	0	0	0	0	1	0	0	0	0	1	1	1
"TUFM"	0	0	0	0	1	0	0	0	0	1	1	1
"TUFT1"	0	0	1	0	0	0	0	0	0	1	1	1
"TULP3"	0	0	0	0	1	0	0	0	0	1	1	1
"TXNDC16"	0	0	0	0	0	1	0	0	0	1	1	1
"TXNIP"	0	0	0	0	1	0	0	0	0	1	1	1
"TYSND1"	0	0	0	0	1	0	0	0	0	1	1	1
"UBA2"	0	0	0	0	1	0	0	0	0	1	1	1
"UBA5"	0	0	0	0	0	1	0	0	0	1	1	1
"UBAC2"	0	0	0	0	1	0	0	0	0	1	1	1
"UBAP1L"	0	0	0	0	1	0	0	0	0	1	1	1
"UBE2J2"	0	0	0	0	1	0	0	0	0	1	1	1
"UBE2M"	0	0	0	0	1	0	0	0	0	1	1	1
"UBE2Q1"	0	0	0	0	1	0	0	0	0	1	1	1
"UBE2QL1"	0	0	0	0	1	0	0	0	0	1	1	1
"UBE2Z"	0	0	0	0	1	0	0	0	0	1	1	1
"UBE3C"	0	0	0	0	1	0	0	0	0	1	1	1
"UBIAD1"	0	0	0	0	1	0	0	0	0	1	1	1
"UBL7"	0	0	0	0	1	0	0	0	0	1	1	1
"UBN2"	0	0	0	0	1	0	0	0	0	1	1	1
"UBR1"	0	0	0	0	0	1	0	0	0	1	1	1
"UBR5"	0	0	0	0	1	0	0	0	0	1	1	1
"UBR7"	0	0	0	0	1	0	0	0	0	1	1	1
"UBTF"	0	1	0	0	0	0	0	0	0	1	1	1
"UFL1"	0	0	0	0	1	0	0	0	0	1	1	1
"UGT2A1"	0	0	0	0	0	1	0	0	0	1	1	1
"UGT2B15"	0	0	0	0	0	1	0	0	0	1	1	1
"UGT3A2"	0	0	0	0	1	0	0	0	0	1	1	1
"UNC13B"	0	0	0	0	1	0	0	0	0	1	1	1
"UNC13D"	0	0	0	0	0	0	0	1	0	1	1	1
"UNC45B"	0	0	0	0	1	0	0	0	0	1	1	1
"UNC5D"	0	0	0	0	1	0	0	0	0	1	1	1
"UNC79"	0	0	0	0	0	1	0	0	0	1	1	1
"UPF2"	0	0	0	0	1	0	0	0	0	1	1	1
"UPF3B"	0	0	0	0	1	0	0	0	0	1	1	1
"UPK1A"	0	0	0	0	1	0	0	0	0	1	1	1
"UQCR10"	0	0	0	0	0	1	0	0	0	1	1	1
"UQCRC1"	0	0	1	0	0	0	0	0	0	1	1	1
"URB2"	0	0	0	0	1	0	0	0	0	1	1	1
"URI1"	0	0	0	0	1	0	0	0	0	1	1	1
"USE1"	0	0	0	0	1	0	0	0	0	1	1	1
"USH1C"	0	0	0	0	0	0	0	1	0	1	1	1
"USH2A"	0	0	0	0	1	0	0	0	0	1	1	1
"USHBP1"	0	0	0	0	1	0	0	0	0	1	1	1
"USO1"	0	0	0	0	1	0	0	0	0	1	1	1
"USP26"	0	0	0	0	1	0	0	0	0	1	1	1
"USP28"	0	0	0	0	1	0	0	0	0	1	1	1
"USP32"	0	0	0	0	1	0	0	0	0	1	1	1
"USP34"	0	0	0	0	1	0	0	0	0	1	1	1
"USP37"	0	0	0	0	1	0	0	0	0	1	1	1
"USP40"	0	1	0	0	0	0	0	0	0	1	1	1
"USP53"	0	0	0	0	1	0	0	0	0	1	1	1
"USP6"	0	0	0	0	1	0	0	0	0	1	1	1
"USPL1"	1	0	0	0	0	0	0	0	0	1	1	1
"UTP14A"	0	0	0	0	1	0	0	0	0	1	1	1
"UTP18"	0	0	0	0	1	0	0	0	0	1	1	1
"VAC14"	0	0	0	0	1	0	0	0	0	1	1	1
"VARS2"	0	0	0	0	1	0	0	0	0	1	1	1
"VCAM1"	0	0	0	0	1	0	0	0	0	1	1	1
"VCPIP1"	0	0	0	0	1	0	0	0	0	1	1	1
"VEGFC"	0	0	0	0	0	1	0	0	0	1	1	1
"VN1R1"	0	0	0	0	1	0	0	0	0	1	1	1
"VPS13B"	0	0	0	0	1	0	0	0	0	1	1	1
"VPS13D"	0	0	0	0	1	0	0	0	0	1	1	1
"VPS39"	0	0	0	0	1	0	0	0	0	1	1	1
"VPS4A"	0	0	0	0	1	0	0	0	0	1	1	1
"VRTN"	0	0	0	0	1	0	0	0	0	1	1	1
"VSTM2B"	0	0	0	0	1	0	0	0	0	1	1	1
"VWA5B1"	0	0	0	0	1	0	0	0	0	1	1	1
"VWA5B2"	0	0	0	0	1	0	0	0	0	1	1	1
"VWF"	0	0	0	0	1	0	0	0	0	1	1	1
"WDR45B"	0	0	0	0	1	0	0	0	0	1	1	1
"WDR47"	0	0	0	0	1	0	0	0	0	1	1	1
"WDR49"	0	0	0	0	1	0	0	0	0	1	1	1
"WDR6"	0	0	0	0	1	0	0	0	0	1	1	1
"WDR62"	0	0	0	0	1	0	0	0	0	1	1	1
"WDR72"	0	0	0	0	1	0	0	0	0	1	1	1
"WDR75"	0	0	0	0	1	0	0	0	0	1	1	1
"WDR76"	0	0	0	0	1	0	0	0	0	1	1	1
"WDR91"	0	0	0	0	1	0	0	0	0	1	1	1
"WHSC1L1"	0	0	0	0	1	0	0	0	0	1	1	1
"WNK3"	0	0	0	0	1	0	0	0	0	1	1	1
"WNT4"	0	0	0	0	1	0	0	0	0	1	1	1
"WTAP"	0	0	0	0	1	0	0	0	0	1	1	1
"XIRP1"	0	0	0	0	1	0	0	0	0	1	1	1
"XIRP2"	0	0	0	0	1	0	0	0	0	1	1	1
"XKR3"	0	0	0	0	1	0	0	0	0	1	1	1
"XPNPEP1"	0	0	0	0	1	0	0	0	0	1	1	1
"XRCC2"	0	0	0	0	1	0	0	0	0	1	1	1
"YEATS4"	0	1	0	0	0	0	0	0	0	1	1	1
"YIPF6"	0	0	0	0	1	0	0	0	0	1	1	1
"YIPF7"	0	0	0	0	1	0	0	0	0	1	1	1
"YLPM1"	0	0	0	0	1	0	0	0	0	1	1	1
"YTHDF2"	1	0	0	0	0	0	0	0	0	1	1	1
"YWHAQ"	0	0	0	0	1	0	0	0	0	1	1	1
"ZAN"	0	0	0	0	1	0	0	0	0	1	1	1
"ZBBX"	0	0	0	0	1	0	0	0	0	1	1	1
"ZBED4"	0	0	0	0	1	0	0	0	0	1	1	1
"ZBTB1"	0	0	0	0	1	0	0	0	0	1	1	1
"ZBTB10"	0	0	0	0	1	0	0	0	0	1	1	1
"ZBTB37"	0	0	0	0	1	0	0	0	0	1	1	1
"ZBTB38"	0	0	0	0	1	0	0	0	0	1	1	1
"ZBTB40"	0	0	0	0	1	0	0	0	0	1	1	1
"ZBTB41"	0	0	0	0	1	0	0	0	0	1	1	1
"ZBTB44"	0	0	0	0	1	0	0	0	0	1	1	1
"ZBTB7A"	0	0	0	0	1	0	0	0	0	1	1	1
"ZBTB8B"	0	0	0	0	1	0	0	0	0	1	1	1
"ZC3H11A"	0	0	0	0	1	0	0	0	0	1	1	1
"ZDHHC14"	0	0	0	0	1	0	0	0	0	1	1	1
"ZDHHC15"	0	0	0	0	1	0	0	0	0	1	1	1
"ZDHHC17"	0	0	0	0	1	0	0	0	0	1	1	1
"ZDHHC5"	0	0	0	0	0	1	0	0	0	1	1	1
"ZFP2"	0	0	0	0	1	0	0	0	0	1	1	1
"ZFP91"	0	0	0	0	1	0	0	0	0	1	1	1
"ZFX"	0	0	0	0	1	0	0	0	0	1	1	1
"ZFYVE16"	0	0	0	0	0	0	0	1	0	1	1	1
"ZGPAT"	0	0	0	0	1	0	0	0	0	1	1	1
"ZIM3"	0	0	0	0	1	0	0	0	0	1	1	1
"ZMYM3"	0	0	0	0	1	0	0	0	0	1	1	1
"ZNF101"	0	0	0	0	1	0	0	0	0	1	1	1
"ZNF148"	0	0	0	0	0	1	0	0	0	1	1	1
"ZNF157"	0	0	0	0	1	0	0	0	0	1	1	1
"ZNF169"	0	0	0	0	1	0	0	0	0	1	1	1
"ZNF208"	0	0	0	0	1	0	0	0	0	1	1	1
"ZNF217"	0	0	0	0	1	0	0	0	0	1	1	1
"ZNF219"	0	0	0	0	1	0	0	0	0	1	1	1
"ZNF22"	0	0	0	0	1	0	0	0	0	1	1	1
"ZNF225"	0	0	0	0	1	0	0	0	0	1	1	1
"ZNF251"	0	0	0	0	1	0	0	0	0	1	1	1
"ZNF268"	0	0	0	0	1	0	0	0	0	1	1	1
"ZNF287"	0	0	0	0	1	0	0	0	0	1	1	1
"ZNF292"	0	0	0	0	1	0	0	0	0	1	1	1
"ZNF300"	0	1	0	0	0	0	0	0	0	1	1	1
"ZNF335"	0	0	0	0	1	0	0	0	0	1	1	1
"ZNF345"	0	0	0	0	1	0	0	0	0	1	1	1
"ZNF366"	0	0	0	0	1	0	0	0	0	1	1	1
"ZNF367"	0	0	0	0	1	0	0	0	0	1	1	1
"ZNF382"	0	0	0	0	0	1	0	0	0	1	1	1
"ZNF385B"	0	0	0	0	1	0	0	0	0	1	1	1
"ZNF419"	0	0	0	0	1	0	0	0	0	1	1	1
"ZNF436"	0	0	0	0	1	0	0	0	0	1	1	1
"ZNF442"	0	0	0	0	1	0	0	0	0	1	1	1
"ZNF454"	0	0	0	0	1	0	0	0	0	1	1	1
"ZNF462"	0	0	0	0	1	0	0	0	0	1	1	1
"ZNF469"	0	0	0	0	1	0	0	0	0	1	1	1
"ZNF485"	0	0	0	0	1	0	0	0	0	1	1	1
"ZNF496"	0	0	0	0	1	0	0	0	0	1	1	1
"ZNF501"	0	0	0	0	1	0	0	0	0	1	1	1
"ZNF502"	0	0	0	0	1	0	0	0	0	1	1	1
"ZNF518A"	0	0	0	0	1	0	0	0	0	1	1	1
"ZNF528"	0	0	0	0	1	0	0	0	0	1	1	1
"ZNF534"	0	0	0	0	1	0	0	0	0	1	1	1
"ZNF536"	0	0	0	0	1	0	0	0	0	1	1	1
"ZNF541"	0	0	0	0	1	0	0	0	0	1	1	1
"ZNF543"	0	0	0	0	1	0	0	0	0	1	1	1
"ZNF544"	0	0	0	0	1	0	0	0	0	1	1	1
"ZNF552"	0	0	0	0	1	0	0	0	0	1	1	1
"ZNF559-ZNF177"	0	0	0	0	1	0	0	0	0	1	1	1
"ZNF562"	0	0	0	0	1	0	0	0	0	1	1	1
"ZNF564"	0	0	0	0	1	0	0	0	0	1	1	1
"ZNF566"	0	0	0	0	1	0	0	0	0	1	1	1
"ZNF568"	0	0	0	0	1	0	0	0	0	1	1	1
"ZNF571"	0	0	0	0	1	0	0	0	0	1	1	1
"ZNF587B"	0	0	0	0	1	0	0	0	0	1	1	1
"ZNF606"	0	0	0	0	1	0	0	0	0	1	1	1
"ZNF620"	0	0	0	0	1	0	0	0	0	1	1	1
"ZNF628"	0	0	0	0	0	1	0	0	0	1	1	1
"ZNF646"	0	0	0	0	1	0	0	0	0	1	1	1
"ZNF648"	0	0	0	0	1	0	0	0	0	1	1	1
"ZNF665"	0	0	0	0	1	0	0	0	0	1	1	1
"ZNF667"	0	0	0	0	1	0	0	0	0	1	1	1
"ZNF677"	0	0	0	0	1	0	0	0	0	1	1	1
"ZNF682"	0	0	0	0	1	0	0	0	0	1	1	1
"ZNF687"	0	0	0	0	1	0	0	0	0	1	1	1
"ZNF691"	0	0	0	0	1	0	0	0	0	1	1	1
"ZNF697"	0	0	0	0	1	0	0	0	0	1	1	1
"ZNF7"	0	0	0	0	0	1	0	0	0	1	1	1
"ZNF701"	0	0	0	0	1	0	0	0	0	1	1	1
"ZNF714"	0	0	0	0	1	0	0	0	0	1	1	1
"ZNF740"	0	0	0	0	1	0	0	0	0	1	1	1
"ZNF761"	0	0	0	0	1	0	0	0	0	1	1	1
"ZNF763"	0	0	0	0	0	1	0	0	0	1	1	1
"ZNF775"	0	0	0	0	1	0	0	0	0	1	1	1
"ZNF777"	0	0	0	0	1	0	0	0	0	1	1	1
"ZNF780A"	0	0	0	0	1	0	0	0	0	1	1	1
"ZNF790"	0	0	0	0	1	0	0	0	0	1	1	1
"ZNF791"	0	0	0	0	1	0	0	0	0	1	1	1
"ZNF804A"	0	0	0	0	1	0	0	0	0	1	1	1
"ZNF804B"	0	0	0	0	1	0	0	0	0	1	1	1
"ZNF814"	0	0	0	0	1	0	0	0	0	1	1	1
"ZNF831"	0	0	0	0	1	0	0	0	0	1	1	1
"ZNF844"	0	0	0	0	1	0	0	0	0	1	1	1
"ZNF853"	0	0	0	0	1	0	0	0	0	1	1	1
"ZNF878"	0	0	0	0	1	0	0	0	0	1	1	1
"ZNF91"	0	0	0	0	1	0	0	0	0	1	1	1
"ZNRF3"	0	0	0	0	1	0	0	0	0	1	1	1
"ZRANB3"	0	0	0	0	0	1	0	0	0	1	1	1
"ZSCAN12"	0	0	0	0	1	0	0	0	0	1	1	1
"ZSCAN23"	0	0	0	0	1	0	0	0	0	1	1	1
"ZSWIM1"	0	0	0	0	1	0	0	0	0	1	1	1
"ZSWIM6"	0	0	0	0	1	0	0	0	0	1	1	1
"ZXDC"	0	0	0	0	1	0	0	0	0	1	1	1
"ZZEF1"	0	0	0	0	1	0	0	0	0	1	1	1
