"sample_ID"	"A[C>A]A"	"A[C>A]C"	"A[C>A]G"	"A[C>A]T"	"C[C>A]A"	"C[C>A]C"	"C[C>A]G"	"C[C>A]T"	"G[C>A]A"	"G[C>A]C"	"G[C>A]G"	"G[C>A]T"	"T[C>A]A"	"T[C>A]C"	"T[C>A]G"	"T[C>A]T"	"A[C>G]A"	"A[C>G]C"	"A[C>G]G"	"A[C>G]T"	"C[C>G]A"	"C[C>G]C"	"C[C>G]G"	"C[C>G]T"	"G[C>G]A"	"G[C>G]C"	"G[C>G]G"	"G[C>G]T"	"T[C>G]A"	"T[C>G]C"	"T[C>G]G"	"T[C>G]T"	"A[C>T]A"	"A[C>T]C"	"A[C>T]G"	"A[C>T]T"	"C[C>T]A"	"C[C>T]C"	"C[C>T]G"	"C[C>T]T"	"G[C>T]A"	"G[C>T]C"	"G[C>T]G"	"G[C>T]T"	"T[C>T]A"	"T[C>T]C"	"T[C>T]G"	"T[C>T]T"	"A[T>A]A"	"A[T>A]C"	"A[T>A]G"	"A[T>A]T"	"C[T>A]A"	"C[T>A]C"	"C[T>A]G"	"C[T>A]T"	"G[T>A]A"	"G[T>A]C"	"G[T>A]G"	"G[T>A]T"	"T[T>A]A"	"T[T>A]C"	"T[T>A]G"	"T[T>A]T"	"A[T>C]A"	"A[T>C]C"	"A[T>C]G"	"A[T>C]T"	"C[T>C]A"	"C[T>C]C"	"C[T>C]G"	"C[T>C]T"	"G[T>C]A"	"G[T>C]C"	"G[T>C]G"	"G[T>C]T"	"T[T>C]A"	"T[T>C]C"	"T[T>C]G"	"T[T>C]T"	"A[T>G]A"	"A[T>G]C"	"A[T>G]G"	"A[T>G]T"	"C[T>G]A"	"C[T>G]C"	"C[T>G]G"	"C[T>G]T"	"G[T>G]A"	"G[T>G]C"	"G[T>G]G"	"G[T>G]T"	"T[T>G]A"	"T[T>G]C"	"T[T>G]G"	"T[T>G]T"
"TCGA-3C-AAAU-01A-11D-A41F-09"	0	1	1	0	0	1	1	0	1	0	0	0	2	0	0	1	0	0	0	3	0	0	0	0	0	0	0	0	0	1	0	1	1	1	2	0	1	1	3	0	0	1	6	0	1	0	2	4	0	0	0	0	2	0	0	0	0	0	0	0	0	0	0	0	1	2	1	0	0	2	0	0	1	0	0	1	0	0	0	0	0	0	0	0	0	0	0	0	0	0	0	0	0	0	0	0
"TCGA-3C-AALI-01A-11D-A41F-09"	3	2	0	2	4	4	0	2	1	2	0	3	28	16	2	11	2	1	1	2	1	1	4	6	1	0	2	2	91	33	9	143	3	2	7	1	8	0	10	6	5	0	7	3	140	30	64	65	2	1	1	1	0	2	2	3	0	3	0	1	3	1	0	0	1	1	0	2	1	0	3	2	1	2	1	0	1	1	0	0	1	1	0	0	1	0	0	0	0	0	0	0	0	0	0	2
"TCGA-3C-AALJ-01A-31D-A41F-09"	1	2	1	0	0	0	1	0	1	0	0	0	1	1	1	0	1	0	0	0	0	0	0	0	0	0	0	0	4	2	0	0	0	2	4	0	2	2	2	1	2	1	3	0	1	2	3	0	0	0	1	0	0	1	0	0	0	0	0	0	2	0	0	0	2	1	2	0	0	0	0	0	0	0	0	0	1	0	0	0	0	1	0	0	0	0	0	0	0	0	0	0	0	0	1	1
"TCGA-3C-AALK-01A-11D-A41F-09"	0	0	0	0	0	1	0	1	2	0	0	0	2	1	0	3	0	0	0	1	0	1	0	1	0	0	0	2	0	0	0	3	1	0	4	0	1	0	6	1	3	3	4	3	4	2	3	2	0	0	0	2	0	0	0	0	0	0	0	0	1	0	0	0	1	0	1	2	0	0	0	0	1	0	0	1	0	0	0	1	0	0	0	0	0	0	0	0	0	0	0	0	0	0	0	0
"TCGA-4H-AAAK-01A-12D-A41F-09"	1	2	1	1	1	0	1	0	0	1	1	0	0	0	0	0	0	0	0	0	0	1	0	0	0	0	0	0	0	0	0	0	1	0	2	1	0	1	2	0	1	1	4	0	0	0	4	0	1	0	0	0	0	0	0	0	0	0	0	0	0	0	0	1	1	0	3	0	0	0	0	0	0	0	0	0	0	0	0	0	0	0	0	0	0	0	0	0	0	0	0	0	0	0	0	0
"TCGA-5L-AAT0-01A-12D-A41F-09"	1	0	0	0	1	0	1	1	1	0	0	0	5	3	3	0	0	0	0	0	1	0	1	1	1	0	0	0	22	12	1	26	2	2	2	0	3	2	1	1	2	2	4	1	51	30	17	33	0	2	1	0	0	0	0	0	1	0	0	0	1	0	0	0	1	0	0	0	1	0	0	1	0	1	0	1	0	0	0	0	0	0	0	0	1	0	0	0	0	0	0	1	0	1	0	0
"TCGA-5L-AAT1-01A-12D-A41F-09"	2	1	2	0	2	1	1	4	1	1	0	0	70	37	10	39	3	2	0	4	3	3	3	8	3	0	1	3	226	79	22	295	8	2	12	2	18	8	22	5	14	11	9	6	433	135	139	233	0	0	2	1	0	1	1	0	0	1	0	0	0	0	1	0	0	1	0	0	0	1	1	1	1	0	0	2	0	1	0	1	0	0	0	0	0	0	0	0	0	0	0	0	0	0	1	1
"TCGA-5T-A9QA-01A-11D-A41F-09"	0	0	0	0	1	0	0	2	3	5	1	6	2	2	0	0	1	0	0	0	0	0	0	1	0	0	0	0	0	0	0	0	1	0	5	0	1	1	6	1	1	3	3	1	1	3	0	2	0	1	0	0	0	0	0	0	0	0	0	0	1	0	0	1	1	0	0	1	0	0	0	1	0	0	1	0	0	0	0	0	0	0	0	0	0	0	0	0	0	0	0	0	0	0	0	0
"TCGA-A1-A0SD-01A-11D-A10Y-09"	0	1	0	0	0	0	0	0	0	0	0	0	1	1	0	0	0	0	0	0	1	1	0	0	1	0	0	0	1	0	0	0	1	2	6	0	1	1	3	0	0	0	2	1	1	0	2	1	3	0	0	0	0	0	1	0	0	0	0	0	0	0	0	0	3	0	2	0	1	0	0	0	0	0	0	0	0	0	0	0	0	1	0	0	0	0	0	0	0	0	0	0	0	0	0	0
"TCGA-A1-A0SE-01A-11D-A099-09"	0	0	0	0	0	1	0	0	0	0	0	0	2	2	1	0	0	0	0	0	0	0	0	0	0	0	0	0	0	0	0	0	0	1	0	1	0	0	1	2	1	0	2	0	1	3	3	3	0	0	1	0	0	1	0	0	0	1	0	0	0	0	0	0	1	2	2	1	0	0	0	0	0	0	0	0	0	1	0	0	0	0	0	0	0	0	0	0	0	0	0	0	0	0	0	0
"TCGA-A1-A0SF-01A-11D-A142-09"	0	0	0	0	0	0	0	1	1	1	0	0	1	0	0	1	0	0	0	0	0	0	0	0	0	0	0	0	1	0	0	2	0	1	0	1	0	0	1	1	0	0	6	0	14	6	3	10	0	0	0	0	0	0	0	0	0	0	0	0	0	0	0	0	0	0	1	0	0	1	0	0	0	0	0	0	0	0	0	0	0	0	0	0	0	0	0	0	0	0	0	0	0	0	1	0
"TCGA-A1-A0SG-01A-11D-A142-09"	0	0	0	0	0	0	0	0	0	0	0	0	0	0	1	0	0	0	0	0	0	1	0	0	0	1	1	0	0	0	0	1	0	0	2	2	0	0	2	0	0	1	2	0	0	1	2	2	1	0	0	0	0	0	0	0	0	1	0	0	0	0	0	0	1	0	1	0	0	0	0	0	0	0	0	0	0	0	1	0	0	0	1	0	0	0	0	0	0	0	0	1	0	0	0	0
"TCGA-A1-A0SH-01A-11D-A099-09"	0	0	0	0	1	0	1	1	1	1	1	0	2	3	1	5	1	0	0	2	2	0	0	1	1	1	0	1	12	6	2	13	0	1	0	0	2	2	3	0	1	0	2	2	19	10	2	11	0	0	1	0	0	0	0	0	0	0	1	0	0	0	1	0	0	0	2	0	0	0	1	0	1	0	0	0	1	0	0	1	0	0	0	1	0	1	0	0	0	0	0	0	0	0	0	0
"TCGA-A1-A0SI-01A-11D-A142-09"	0	0	0	0	2	0	1	1	0	1	1	1	6	4	1	5	1	2	0	1	2	0	0	0	0	1	0	1	42	9	2	47	0	0	3	0	0	2	2	2	0	1	2	2	46	12	15	24	0	0	1	0	0	0	0	0	0	0	0	0	0	0	0	0	1	0	2	1	0	0	1	0	0	0	0	0	1	0	0	1	0	0	0	0	0	0	0	0	0	0	0	0	0	1	0	1
"TCGA-A1-A0SJ-01A-11D-A099-09"	0	0	0	0	0	0	0	0	2	0	0	0	1	2	0	0	0	1	0	0	0	1	0	0	0	0	0	1	0	0	1	0	1	0	2	0	0	0	4	0	0	1	4	1	2	1	0	2	0	0	0	0	0	0	0	0	0	0	0	0	0	1	0	0	0	0	0	0	0	0	1	1	0	0	0	0	0	0	0	0	0	0	0	0	0	0	0	1	0	0	0	0	0	0	0	0
"TCGA-A1-A0SK-01A-12D-A099-09"	2	2	0	0	2	2	2	0	1	2	0	0	1	0	1	1	3	2	0	1	0	1	0	2	1	0	0	1	2	1	2	0	1	4	8	1	3	0	2	2	0	0	3	1	1	2	2	1	1	0	2	0	0	0	1	1	0	0	0	0	0	1	0	1	0	1	0	1	0	0	1	0	0	0	1	1	0	1	1	1	0	0	1	0	0	1	2	0	0	0	0	0	0	0	0	1
"TCGA-A1-A0SM-01A-11D-A099-09"	0	1	0	0	0	0	0	1	0	0	0	1	1	0	0	1	0	0	0	1	0	0	0	0	0	1	0	0	0	0	0	0	1	0	0	1	1	1	2	0	0	0	3	0	0	1	4	0	0	0	0	0	1	1	0	0	0	0	1	0	0	1	0	0	1	0	1	2	0	0	0	0	0	0	0	0	0	1	0	1	0	0	0	1	0	1	0	0	0	0	0	0	0	0	0	0
"TCGA-A1-A0SN-01A-11D-A142-09"	0	2	0	0	1	0	0	0	1	0	0	0	2	2	0	1	0	1	0	1	1	1	1	2	0	1	0	0	4	1	0	8	0	0	1	1	2	2	3	2	0	1	5	1	3	3	5	3	0	0	0	4	0	0	1	0	1	1	1	0	0	1	0	0	1	1	1	2	0	0	0	0	0	0	1	0	0	1	0	2	0	0	0	0	0	0	0	1	0	0	0	0	1	0	0	0
"TCGA-A1-A0SO-01A-22D-A099-09"	8	7	5	9	5	10	1	11	8	7	0	13	5	7	2	12	5	3	3	4	2	8	0	3	1	3	3	2	4	4	3	8	7	6	13	6	6	4	4	9	6	4	4	5	9	6	4	9	1	4	2	2	0	9	5	8	0	3	4	1	1	1	0	2	3	3	1	3	1	2	2	1	1	2	1	3	0	1	0	1	0	1	0	1	0	0	1	3	1	2	2	0	1	0	1	2
"TCGA-A1-A0SP-01A-11D-A099-09"	0	1	0	0	1	2	1	1	0	1	0	0	0	1	1	0	0	0	1	1	1	2	0	1	0	0	0	0	1	0	0	0	3	0	3	2	2	1	3	1	3	0	6	2	1	5	0	1	0	1	0	0	0	0	0	0	0	0	0	0	0	1	0	0	1	1	1	0	0	1	0	0	0	0	0	2	0	0	0	0	0	0	1	0	0	0	0	0	0	0	0	0	0	1	0	0
"TCGA-A1-A0SQ-01A-21D-A142-09"	0	1	0	0	0	0	0	0	0	0	0	0	0	1	0	0	0	0	0	0	0	1	0	1	0	0	0	0	1	0	0	1	0	1	4	0	0	0	4	0	0	2	4	0	2	2	3	2	0	0	0	0	0	0	0	0	0	0	1	0	0	0	0	0	0	0	1	0	0	0	0	0	0	1	0	0	0	1	0	0	0	0	0	0	0	0	0	0	0	0	0	0	0	0	0	0
"TCGA-A2-A04N-01A-11D-A10Y-09"	1	0	0	2	0	0	0	2	0	0	0	2	1	0	0	0	0	0	0	0	0	0	0	0	0	0	0	1	0	0	0	1	2	0	2	0	0	1	3	3	0	0	2	1	2	2	6	1	0	0	0	1	0	0	0	0	0	0	1	0	0	0	0	1	0	0	0	2	1	1	1	1	0	0	0	0	1	0	0	0	0	0	0	1	0	0	0	0	0	0	0	1	0	0	2	0
"TCGA-A2-A04P-01A-31D-A128-09"	2	4	1	2	3	4	0	2	1	3	1	2	2	2	0	0	3	1	1	4	2	2	0	5	1	2	1	1	8	5	1	4	7	2	1	1	5	1	5	0	2	2	2	3	3	0	3	1	0	0	1	1	1	0	4	3	3	1	0	0	0	0	1	1	1	2	2	5	1	3	1	1	2	1	1	1	0	1	1	0	0	1	3	0	0	2	1	1	2	1	1	0	0	0	1	0
"TCGA-A2-A04Q-01A-21W-A050-09"	0	2	0	0	2	3	0	0	1	1	0	1	1	1	1	2	2	0	0	0	0	0	0	0	0	1	0	2	1	1	0	2	0	1	2	1	1	2	3	1	0	2	3	1	2	4	1	2	1	0	0	0	0	0	2	1	0	0	0	0	0	0	0	0	0	0	0	1	0	1	0	0	2	0	1	0	0	0	0	1	0	3	0	0	0	0	0	2	0	0	1	0	0	0	0	0
"TCGA-A2-A04R-01A-41D-A117-09"	0	5	0	3	1	1	0	5	0	2	1	4	2	2	0	3	2	0	3	1	0	1	0	3	0	0	0	1	2	0	0	4	1	0	4	0	1	3	2	2	1	1	4	1	1	1	3	3	3	1	0	0	0	1	0	1	0	0	2	1	0	3	0	1	1	0	1	0	1	0	1	0	1	0	1	0	0	0	0	0	0	0	0	0	0	0	1	2	0	0	0	0	0	1	0	1
